id,title,price,sold_quantity,available_quantity,category_id,permalink
MCO2739654108,Audífonos Inalámbricos Bluetooth Sleve Pulse Anc Negro,149900.0,0,150,MCO1000,https://www.mercadolibre.com.co/audifonos-inalambricos-bluetooth-sleve-pulse-anc-negro/p/MCO28584565
MCO1432939685,Smart Tv Samsung Un65du8200kxzl 65  4k Uhd,2099900.0,0,500,MCO1000,https://www.mercadolibre.com.co/smart-tv-samsung-un65du8200kxzl-65-4k-uhd/p/MCO37334512
MCO1412662267,Parlante Bose S1pro+ Plus Con Batería Color Negro,3379000.0,0,50,MCO1000,https://www.mercadolibre.com.co/parlante-bose-s1pro-plus-con-bateria-color-negro/p/MCO44727560
MCO2653035526,Televisor Kalley 40 Pulgadas K-rtv40hd Smart Tv Roku Tv,869900.0,0,500,MCO1000,https://www.mercadolibre.com.co/televisor-kalley-40-pulgadas-k-rtv40hd-smart-tv-roku-tv/p/MCO40340550
MCO1450614137,Audifonos Jbl Tune 520 Bt Bluetooth On Ear Color Azul Luz Rojo,159900.0,0,50,MCO1000,https://www.mercadolibre.com.co/audifonos-jbl-tune-520-bt-bluetooth-on-ear-color-azul-luz-rojo/p/MCO37266173
MCO1357667075,Smart Tv De 43  Tcl Smart Tv 43s5400a Con Pantalla Led Full Hd,1092900.0,0,1,MCO1000,https://www.mercadolibre.com.co/smart-tv-de-43-tcl-smart-tv-43s5400a-con-pantalla-led-full-hd/p/MCO27150721
MCO1363225089,Parlante Nia An-2042 Portátil Con Bluetooth Negra ,257900.0,0,1,MCO1000,https://www.mercadolibre.com.co/parlante-nia-an-2042-portatil-con-bluetooth-negra/p/MCO18723994
MCO2646479354,Roku Express 3960r Hd Dispositivo De Streaming Color Negro Tipo De Control Remoto Estándar,136000.0,0,1,MCO1000,https://www.mercadolibre.com.co/roku-express-3960r-hd-dispositivo-de-streaming-color-negro-tipo-de-control-remoto-estandar/p/MCO21087858
MCO1372629701,2 Micrófonos Boya By-v2 Dual Omnidireccionales Conexión Lightning Inalámbricos Color Negro,179940.0,0,1,MCO1000,https://www.mercadolibre.com.co/2-microfonos-boya-by-v2-dual-omnidireccionales-conexion-lightning-inalambricos-color-negro/p/MCO23025163
MCO2357599708,Smart Tv Hyundai Hyled428gim 42  Full Hd Led,937900.0,0,1,MCO1000,https://www.mercadolibre.com.co/smart-tv-hyundai-hyled428gim-42-full-hd-led/p/MCO36497911
MCO921346054,Audífonos Sony Bluetooth Noise Cancelling | Wh-1000xm5 Color Negro,1109900.0,0,1,MCO1000,https://www.mercadolibre.com.co/audifonos-sony-bluetooth-noise-cancelling-wh-1000xm5-color-negro/p/MCO19176887
MCO2409786082,Televisor Smart 50 Crystal Du8200,1637909.0,0,1,MCO1000,https://www.mercadolibre.com.co/televisor-smart-50-crystal-du8200/p/MCO36221687
MCO1235505532,Audífonos In-ear Inalámbricos Bluetooth F9-5 Negro,16900.0,0,1,MCO1000,https://www.mercadolibre.com.co/audifonos-in-ear-inalambricos-bluetooth-f9-5-negro/p/MCO16224063
MCO1564517802,Jbl Partybox Encore Essential - Altavoz De Fiesta Color Negro 110v,999900.0,0,50,MCO1000,https://www.mercadolibre.com.co/jbl-partybox-encore-essential-altavoz-de-fiesta-color-negro-110v/p/MCO29513760
MCO1491163799,Smart Tv Samsung Qn65q60dakxzl 65  4k Qled,2599900.0,0,1,MCO1000,https://www.mercadolibre.com.co/smart-tv-samsung-qn65q60dakxzl-65-4k-qled/p/MCO38465159
MCO838323624,Soporte Dos Brazo Monitor Doble North Bayou F160 17 A 27 Color Negro,189900.0,0,50,MCO1000,https://www.mercadolibre.com.co/soporte-dos-brazo-monitor-doble-north-bayou-f160-17-a-27-color-negro/p/MCO15287021
MCO2293953548,Soporte North Bayou Nb F80 Gamer Negro,96400.0,0,1,MCO1000,https://www.mercadolibre.com.co/soporte-north-bayou-nb-f80-gamer-negro/p/MCO15248175
MCO2805134584,Alexa Echo Pop Color Verde Azulado,140994.0,0,1,MCO1000,https://www.mercadolibre.com.co/alexa-echo-pop-color-verde-azulado/p/MCO24232685
MCO2661703090,Televisor Samsung Smart 50 Qled Q60d,1799900.0,0,1,MCO1000,https://www.mercadolibre.com.co/televisor-samsung-smart-50-qled-q60d/p/MCO39989454
MCO1413731491,Audífonos Kz Edx Pro - Con Micrófono - Hifi Alta Definición,60008.0,0,50,MCO1000,https://www.mercadolibre.com.co/audifonos-kz-edx-pro-con-microfono-hifi-alta-definicion/p/MCO19837562
MCO1326573195,Smart Tv Hyundai Hyled4322gim 43'' Full Hd Led,1039900.0,0,1,MCO1000,https://www.mercadolibre.com.co/smart-tv-hyundai-hyled4322gim-43-full-hd-led/p/MCO25947141
MCO1532491951,Parlante Jbl Go4 Portátil Con Bluetooth Waterproof Negra 110v,181821.0,0,1,MCO1000,https://www.mercadolibre.com.co/parlante-jbl-go4-portatil-con-bluetooth-waterproof-negra-110v/p/MCO44713972
MCO1341050687,"Logitech, Receptor De Audio Bluetooth, Streaming Inalámbrico",91900.0,0,1,MCO1000,https://www.mercadolibre.com.co/logitech-receptor-de-audio-bluetooth-streaming-inalambrico/p/MCO27173258
MCO2802473250,Televisor 32 Pulgadas Google Tv Challenger 32kg84bt,674900.0,0,100,MCO1000,https://www.mercadolibre.com.co/televisor-32-pulgadas-google-tv-challenger-32kg84bt/p/MCO42606194
MCO1780360098,Audifonos Jbl Endurance Run 2 Bluetooth Color Negro,159900.0,0,500,MCO1000,https://www.mercadolibre.com.co/audifonos-jbl-endurance-run-2-bluetooth-color-negro/p/MCO25557373
MCO1484595373,Proyector Ultra Hd Mini Duplicación Wifi 4k Android 11 52 Bits Color Blanco 110v,234000.0,0,1,MCO1000,https://www.mercadolibre.com.co/proyector-ultra-hd-mini-duplicacion-wifi-4k-android-11-52-bits-color-blanco-110v/p/MCO41141687
MCO857659492,Audífonos Sony Noise Cancelling Bluetooth Hi-res Wh-1000xm4 Color Negro ,1085941.0,0,1,MCO1000,https://www.mercadolibre.com.co/audifonos-sony-noise-cancelling-bluetooth-hi-res-wh-1000xm4-color-negro/p/MCO16183555
MCO1491177007,Televisor LG Commercial 55'' Uhd 4k Smart Thinq Ai 55ur871c0,1865900.0,0,1,MCO1000,https://www.mercadolibre.com.co/televisor-lg-commercial-55-uhd-4k-smart-thinq-ai-55ur871c0/p/MCO27244534
MCO2427260248,Jbl Flip 6 Impermeable Portátil Altavoz Bluetooth Inalámbric Color Negro 110v,449000.0,0,1,MCO1000,https://www.mercadolibre.com.co/jbl-flip-6-impermeable-portatil-altavoz-bluetooth-inalambric-color-negro-110v/p/MCO34030956
MCO2755632110,Combo Televisor 50 Qled 4k Samsung + Barra Sonido Hwc400,2012900.0,0,150,MCO1000,https://www.mercadolibre.com.co/combo-televisor-50-qled-4k-samsung-barra-sonido-hwc400/p/MCO44001119
MCO1475697713,Audifonos Pro 2ª Gen Compatibles Con iPhone Y Android,53411.0,0,1,MCO1000,https://www.mercadolibre.com.co/audifonos-pro-2-gen-compatibles-con-iphone-y-android/p/MCO26686078
MCO919538301,Soporte Tv Movil De Piso Nb North Bayou Ava 1500 32 A 65 Color Negro,541900.0,0,50,MCO1000,https://www.mercadolibre.com.co/soporte-tv-movil-de-piso-nb-north-bayou-ava-1500-32-a-65-color-negro/p/MCO15696952
MCO1477689665,Smart Tv Samsung Crystal Un43du7000kxzl 43'' 4k Led,1329905.0,0,1,MCO1000,https://www.mercadolibre.com.co/smart-tv-samsung-crystal-un43du7000kxzl-43-4k-led/p/MCO37925187
MCO2536582748,Audifonos Jbl Tune 720 Bt Color Negro,207900.0,0,250,MCO1000,https://www.mercadolibre.com.co/audifonos-jbl-tune-720-bt-color-negro/p/MCO29453734
MCO1536578291,Proyector Mini Magcubic Ultra Hd Wifi 6 Android Hy320 Hy320 8000lm Negro 110v,310000.0,0,1,MCO1000,https://www.mercadolibre.com.co/proyector-mini-magcubic-ultra-hd-wifi-6-android-hy320-hy320-8000lm-negro-110v/p/MCO43935877
MCO831640644,Parlante Xiaomi Mdz-36 Mdz-36-db Portátil Con Bluetooth Waterproof Azul ,162900.0,0,1,MCO1000,https://www.mercadolibre.com.co/parlante-xiaomi-mdz-36-mdz-36-db-portatil-con-bluetooth-waterproof-azul/p/MCO17341619
MCO1390439113,Smart Tv Kalley K-gtv32fhd 32'' Full Hd Led,749900.0,0,500,MCO1000,https://www.mercadolibre.com.co/smart-tv-kalley-k-gtv32fhd-32-full-hd-led/p/MCO29556687
MCO1265618763,Diadema Logitech H390 Usb Negro Con Micrófono,134900.0,0,500,MCO1000,https://www.mercadolibre.com.co/diadema-logitech-h390-usb-negro-con-microfono/p/MCO6417063
MCO1478990773,Televisor Kalley 32 Pulgadas K-rtv32hd Smart Tv Roku Tv,656900.0,0,1,MCO1000,https://www.mercadolibre.com.co/televisor-kalley-32-pulgadas-k-rtv32hd-smart-tv-roku-tv/p/MCO40068519
MCO1368964271,Audífonos Jbl T110 In-ear Negro Color Black,29950.0,0,1,MCO1000,https://www.mercadolibre.com.co/audifonos-jbl-t110-in-ear-negro-color-black/p/MCO6344841
MCO2412638736,Onn 2k Fhd Streaming Stick Con Google Tv Color Negro Tipo De Control Remoto De Voz,130000.0,0,1,MCO1000,https://www.mercadolibre.com.co/onn-2k-fhd-streaming-stick-con-google-tv-color-negro-tipo-de-control-remoto-de-voz/p/MCO29268937
MCO2751846062,Televisor Hisense 55q6n 55 Pulgadas Qled 4k Uhd,1849900.0,0,1,MCO1000,https://www.mercadolibre.com.co/televisor-hisense-55q6n-55-pulgadas-qled-4k-uhd/p/MCO37549956
MCO1504455991,Amazon Echo Pop C2h4r9 Con Asistente Virtual Alexa Charcoal 110/220v,146945.0,0,1,MCO1000,https://www.mercadolibre.com.co/amazon-echo-pop-c2h4r9-con-asistente-virtual-alexa-charcoal-110220v/p/MCO23995388
MCO1285967153,Parlante Jbl Boombox 3 Portátil Con Bluetooth Waterproof Black 110v,1899900.0,0,1,MCO1000,https://www.mercadolibre.com.co/parlante-jbl-boombox-3-portatil-con-bluetooth-waterproof-black-110v/p/MCO44709290
MCO2477648392,Antena Tdt Full Hd Interior Y Ext. Tv Digital 5 Metros,16990.0,0,500,MCO1000,https://www.mercadolibre.com.co/antena-tdt-full-hd-interior-y-ext-tv-digital-5-metros/p/MCO36484770
MCO2738127712,Televisor Samsung Smart 65 Qled Q70d,2929500.0,0,1,MCO1000,https://www.mercadolibre.com.co/televisor-samsung-smart-65-qled-q70d/p/MCO38778158
MCO1459798577,Audífonos In-ear Gamer  Kz Edx Pro Con Microfono Kz Edx Pro Verde Cristal,60008.0,0,1,MCO1000,https://www.mercadolibre.com.co/audifonos-in-ear-gamer-kz-edx-pro-con-microfono-kz-edx-pro-verde-cristal/p/MCO26311503
MCO2808952272,Onn Uhd Streaming 4k 2 Gb Ram Google Tv 2023 Color Negro Tip Tipo De Control Remoto De Voz,154000.0,0,1,MCO1000,https://www.mercadolibre.com.co/onn-uhd-streaming-4k-2-gb-ram-google-tv-2023-color-negro-tip-tipo-de-control-remoto-de-voz/p/MCO24249930
MCO1536021255,Tv De 19  Tigers Tg-0019v Con Pantalla Led Hd,220000.0,0,1,MCO1000,https://www.mercadolibre.com.co/tv-de-19-tigers-tg-0019v-con-pantalla-led-hd/p/MCO23020246
MCO853500544,Micrófono Omnidireccional Sf 666 Negro,21596.0,0,1,MCO1000,https://www.mercadolibre.com.co/microfono-omnidireccional-sf-666-negro/p/MCO15161567
MCO2508019390,Parlante Jbl Xtreme 4 Portátil Con Bluetooth Waterproof Negra 110v,1259000.0,0,1,MCO1000,https://www.mercadolibre.com.co/parlante-jbl-xtreme-4-portatil-con-bluetooth-waterproof-negra-110v/p/MCO44712105
MCO2708229854,Televisor Smart 55 Oled S90d,4399900.0,0,1,MCO1000,https://www.mercadolibre.com.co/televisor-smart-55-oled-s90d/p/MCO37933773
MCO2805133802,Amazon Fire Tv Stick 4k Max 16 Gb Wifi 6 Ultra Rápido Color Negro,257914.0,0,1,MCO1000,https://www.mercadolibre.com.co/amazon-fire-tv-stick-4k-max-16-gb-wifi-6-ultra-rapido-color-negro/p/MCO29525405
MCO1517869031,Microfono De Solapa Inalambrico Doble iPhone Y Android Sx31 Color Negro,76900.0,0,1,MCO1000,https://www.mercadolibre.com.co/microfono-de-solapa-inalambrico-doble-iphone-y-android-sx31-color-negro/p/MCO29425767
MCO1326581837,Google Tv Hyundai Smart 32 Hd / Comando De Voz,699900.0,0,1,MCO1000,https://www.mercadolibre.com.co/google-tv-hyundai-smart-32-hd-comando-de-voz/p/MCO25947146
MCO1473697151,Audífonos Lenovo Thinkplus Live Pods Xt88 Bluetooth 5.3 Negro,60008.0,0,1,MCO1000,https://www.mercadolibre.com.co/audifonos-lenovo-thinkplus-live-pods-xt88-bluetooth-53-negro/p/MCO19713355
MCO2314658186,Roku Streaming Stick 4k 3820 De Voz 4k Negro Con 1gb De Memoria Ram,210000.0,0,50,MCO1000,https://www.mercadolibre.com.co/roku-streaming-stick-4k-3820-de-voz-4k-negro-con-1gb-de-memoria-ram/p/MCO19682828
MCO1420727595,Televisor Smart 43 The Frame Ls03d,3099900.0,0,1,MCO1000,https://www.mercadolibre.com.co/televisor-smart-43-the-frame-ls03d/p/MCO36573506
MCO2686234928,Parlante Bluetooth Resistente Al Agua Manos Libres Para Baño Color Verde,12969.0,0,250,MCO1000,https://www.mercadolibre.com.co/parlante-bluetooth-resistente-al-agua-manos-libres-para-bano-color-verde/p/MCO29592726
MCO1409019965,Adaptador De Corriente Universal Kit Viajero,7235.0,0,250,MCO1000,https://www.mercadolibre.com.co/adaptador-de-corriente-universal-kit-viajero/p/MCO23880796
MCO1397293673,"Audifonos Jbl Tune 520, On Ear Color Negro",195000.0,0,1,MCO1000,https://www.mercadolibre.com.co/audifonos-jbl-tune-520-on-ear-color-negro/p/MCO25557590
MCO2251088276,Televisor Hyundai 50 Pulgadas Google Smart Qled 4k,1639900.0,0,1,MCO1000,https://www.mercadolibre.com.co/televisor-hyundai-50-pulgadas-google-smart-qled-4k/p/MCO34142398
MCO1638864128,Audífonos Inalámbricos Wh-ch520 Color Negro,200933.0,0,50,MCO1000,https://www.mercadolibre.com.co/audifonos-inalambricos-wh-ch520-color-negro/p/MCO23138487
MCO2749125504,Televisor Hisense 55a6n 55 Pulgadas Led 4k Uhd,1649900.0,0,1,MCO1000,https://www.mercadolibre.com.co/televisor-hisense-55a6n-55-pulgadas-led-4k-uhd/p/MCO37751372
MCO1375727875,Micrófonos Inalámbricos Solapa 2 En 1 Para iPhone/tipo C Color Negro,29000.0,0,1,MCO1000,https://www.mercadolibre.com.co/microfonos-inalambricos-solapa-2-en-1-para-iphonetipo-c-color-negro/p/MCO24285349
MCO2648239098,Parlante Speaker B28s Portátil Con Bluetooth Dorado ,60001.0,0,5000,MCO1000,https://www.mercadolibre.com.co/parlante-speaker-b28s-portatil-con-bluetooth-dorado/p/MCO19176525
MCO1523730433,Televisor LG 55 55ut8000psb 4k Ultra Hdsmart Tv Ai Webos,1849900.0,0,1,MCO1000,https://www.mercadolibre.com.co/televisor-lg-55-55ut8000psb-4k-ultra-hdsmart-tv-ai-webos/p/MCO44294765
MCO1196361494,Home Design Hdl-117b-2 - Negro,26989.0,0,500,MCO1000,https://www.mercadolibre.com.co/home-design-hdl-117b-2-negro/p/MCO15255286
MCO1316695383,Decodificador/receptor Krono Kr358 De Terrestre Con Señal Tdt Negro 110v,60001.0,0,1,MCO1000,https://www.mercadolibre.com.co/decodificadorreceptor-krono-kr358-de-terrestre-con-senal-tdt-negro-110v/p/MCO44116576
MCO1406667491,Audífonos De Diadema Kalley Inalámbricos Bt On Ear Negro,75900.0,0,500,MCO1000,https://www.mercadolibre.com.co/audifonos-de-diadema-kalley-inalambricos-bt-on-ear-negro/p/MCO34798018
MCO1495874263,Google Tv Hyundai Smart 40 Fhd / Comando De Voz,1119900.0,0,1,MCO1000,https://www.mercadolibre.com.co/google-tv-hyundai-smart-40-fhd-comando-de-voz/p/MCO38669303
MCO2340689284,Audífonos Inalámbricos Conducción Ósea Lenovo Thinkplus X3 Pro,90000.0,0,1,MCO1000,https://www.mercadolibre.com.co/audifonos-inalambricos-conduccion-osea-lenovo-thinkplus-x3-pro/p/MCO25354333
MCO657494941,Samsung Televisor Smart 32 Hd 32t4300,773900.0,0,1,MCO1000,https://www.mercadolibre.com.co/samsung-televisor-smart-32-hd-32t4300/p/MCO16368776
MCO1742766742,Parlante Sonos Era 300 E10g1us1 Con Bluetooth Y Wifi Negra 110v,1862000.0,0,1,MCO1000,https://www.mercadolibre.com.co/parlante-sonos-era-300-e10g1us1-con-bluetooth-y-wifi-negra-110v/p/MCO44711929
MCO2151444238,Energizer 2000mah Pila Recargables Aa 2 Unidades,24300.0,0,1,MCO1000,https://www.mercadolibre.com.co/energizer-2000mah-pila-recargables-aa-2-unidades/p/MCO16220131
MCO2409850208,"Samsung Smart Tv 65 Crystal Uhd 4k 65du8000 2024, Panel Dinámico De Color Cristal, Alexa Integrado",2324907.0,0,1,MCO1000,https://www.mercadolibre.com.co/samsung-smart-tv-65-crystal-uhd-4k-65du8000-2024-panel-dinamico-de-color-cristal-alexa-integrado/p/MCO36336808
MCO1286322969,Micrófono Pro Dj M80-h Diadema Cardioides,167166.0,0,1,MCO1000,https://www.mercadolibre.com.co/microfono-pro-dj-m80-h-diadema-cardioides/p/MCO17476634
MCO1483635717,Pilas Baterias Murata ( Antes Sony ) Cr2032 Tamaño Botón 3 Voltios Paquete De 5 Unidades,10000.0,0,100,MCO1000,https://www.mercadolibre.com.co/pilas-baterias-murata-antes-sony-cr2032-tamano-boton-3-voltios-paquete-de-5-unidades/p/MCO21096894
MCO1324419115,Smart Tv LG 43lm6370pdb 43  Full Hd Led,1223900.0,0,1,MCO1000,https://www.mercadolibre.com.co/smart-tv-lg-43lm6370pdb-43-full-hd-led/p/MCO18453148
MCO620528620,Parlante Genius Sp Hf 180 Madera,41900.0,0,1,MCO1000,https://www.mercadolibre.com.co/parlante-genius-sp-hf-180-madera/p/MCO15840120
MCO1508898803,Televisor Hisense 50q6n 50 Pulgadas Qled Uhd 4k,1659900.0,0,1,MCO1000,https://www.mercadolibre.com.co/televisor-hisense-50q6n-50-pulgadas-qled-uhd-4k/p/MCO39137637
MCO2457408010,Micrófono Inalámbrico Solapa Hollyland Lark M2 Para Combo Color Negro,1007920.0,0,1,MCO1000,https://www.mercadolibre.com.co/microfono-inalambrico-solapa-hollyland-lark-m2-para-combo-color-negro/p/MCO34016199
MCO1694138514,Soporte Para Tv Extensible Doble Nb Northbayou P6 De 40 A 75 Color Negro,119900.0,0,50,MCO1000,https://www.mercadolibre.com.co/soporte-para-tv-extensible-doble-nb-northbayou-p6-de-40-a-75-color-negro/p/MCO16213666
MCO1794389666,Tv LG 65 Uhd 4k Thinq Ai Smart 65ur8750psa (2023),3299900.0,0,1,MCO1000,https://www.mercadolibre.com.co/tv-lg-65-uhd-4k-thinq-ai-smart-65ur8750psa-2023/p/MCO24614199
MCO1639061156,Audífonos Inalámbricos Bluetooth Sleve Evo 2da Gen Black Color Negro,139900.0,0,200,MCO1000,https://www.mercadolibre.com.co/audifonos-inalambricos-bluetooth-sleve-evo-2da-gen-black-color-negro/p/MCO19149415
MCO1300166521,Soporte Tv 32 A 65 P4 Grande Brazo Largo Giratorio Preto Nia An P4,60001.0,0,500,MCO1000,https://www.mercadolibre.com.co/soporte-tv-32-a-65-p4-grande-brazo-largo-giratorio-preto-nia-an-p4/p/MCO21346650
MCO1307546297,Parlante Sonivox Vs-ss2135 Portátil Con Bluetooth Negra Color Negro,121935.0,0,100,MCO1000,https://www.mercadolibre.com.co/parlante-sonivox-vs-ss2135-portatil-con-bluetooth-negra-color-negro/p/MCO19526469
MCO1800089858,Google Tv Hyundai Smart 50 4k Comando De Voz,1519900.0,0,1,MCO1000,https://www.mercadolibre.com.co/google-tv-hyundai-smart-50-4k-comando-de-voz/p/MCO26207875
MCO2717856096,Auriculares Inalámbricos Xiaomi Redmi Buds 6 Play Bluetooth 5.4 Color Negro,67932.0,0,1,MCO1000,https://www.mercadolibre.com.co/auriculares-inalambricos-xiaomi-redmi-buds-6-play-bluetooth-54-color-negro/p/MCO39962085
MCO2208975164,Bateria Pila Recargable Aa X 4  Beston,28700.0,0,1,MCO1000,https://www.mercadolibre.com.co/bateria-pila-recargable-aa-x-4-beston/p/MCO22768015
MCO1504347903,Samsung Televisor Smart Fhd 40 Fhd T5290 Smart Tv,969900.0,0,150,MCO1000,https://www.mercadolibre.com.co/samsung-televisor-smart-fhd-40-fhd-t5290-smart-tv/p/MCO18209439
MCO1738070980,Audífonos Sony Noise Cancelling Bluetooth Hi-res Wh-1000xm4 Color Azul,1085941.0,0,1,MCO1000,https://www.mercadolibre.com.co/audifonos-sony-noise-cancelling-bluetooth-hi-res-wh-1000xm4-color-azul/p/MCO16994720
MCO2810142158,Amazon Fire Tv Stick 3ra Generación Color Negro Tipo De Control Remoto De Voz,158000.0,0,1,MCO1000,https://www.mercadolibre.com.co/amazon-fire-tv-stick-3ra-generacion-color-negro-tipo-de-control-remoto-de-voz/p/MCO20544487
MCO1440706321,Parlante Inalámbrico Para Fiestas Xv800 De La Serie X Color Negro,1983941.0,0,1,MCO1000,https://www.mercadolibre.com.co/parlante-inalambrico-para-fiestas-xv800-de-la-serie-x-color-negro/p/MCO36965711
MCO2553205190,Tv Tcl 65 4k-uhd Qled Smart Tv Google,2684900.0,0,100,MCO1000,https://www.mercadolibre.com.co/tv-tcl-65-4k-uhd-qled-smart-tv-google/p/MCO38488516
MCO1498518637,Auriculares Inalámbricos Bluetooth Xiaomi Redmi Buds 6 Play Color Blanco,68310.0,0,1,MCO1000,https://www.mercadolibre.com.co/auriculares-inalambricos-bluetooth-xiaomi-redmi-buds-6-play-color-blanco/p/MCO41149389
MCO2495598068,Televisor 58 Pulgadas Google Tv Challenger,1769900.0,0,50,MCO1000,https://www.mercadolibre.com.co/televisor-58-pulgadas-google-tv-challenger/p/MCO37918896
MCO1530628593,Audífonos 100% Lenovo Livepods Lp75 Bluetooth 5.3 Negro,82400.0,0,1,MCO1000,https://www.mercadolibre.com.co/audifonos-100-lenovo-livepods-lp75-bluetooth-53-negro/p/MCO19769915
MCO2140967972,Proyector Video Beam Portátil Chowa 4k Hd 720p Android Wifi 170 Lumenes Ansi,399900.0,0,200,MCO1000,https://www.mercadolibre.com.co/proyector-video-beam-portatil-chowa-4k-hd-720p-android-wifi-170-lumenes-ansi/p/MCO29546432
MCO1481746457,Led Smart Tv 4k Hdr Google Tv Kd-50x77l,2360616.0,0,1,MCO1000,https://www.mercadolibre.com.co/led-smart-tv-4k-hdr-google-tv-kd-50x77l/p/MCO26186771
MCO1450304659,"Parlante Pequeño Bluetooth , Usb Y Radio Recargable Negro",20152.0,0,250,MCO1000,https://www.mercadolibre.com.co/parlante-pequeno-bluetooth-usb-y-radio-recargable-negro/p/MCO38097430
MCO1352244331,Antena Tv Digital Abierta Hd Tvd Interior 15dbi Coaxial,14100.0,0,500,MCO1000,https://www.mercadolibre.com.co/antena-tv-digital-abierta-hd-tvd-interior-15dbi-coaxial/p/MCO23640713
MCO2810176840,Parlante Jbl Go 4 Jblgo4 Portátil Con Bluetooth Waterproof Roja 110v,178900.0,0,1,MCO1000,https://www.mercadolibre.com.co/parlante-jbl-go-4-jblgo4-portatil-con-bluetooth-waterproof-roja-110v/p/MCO44710313
MCO2396455856,Tv Tcl 50 Pulgadas 127 Cm 50 C655 4k-uhd Qled Smart Tv Google Plomo,1739900.0,0,100,MCO1000,https://www.mercadolibre.com.co/tv-tcl-50-pulgadas-127-cm-50-c655-4k-uhd-qled-smart-tv-google-plomo/p/MCO36337624
MCO2318098402,Qcy H3 Anc Audífonos Inalámbricos Gamer Diadema Hi-res Bk Color Negro,148979.02,0,250,MCO1000,https://www.mercadolibre.com.co/qcy-h3-anc-audifonos-inalambricos-gamer-diadema-hi-res-bk-color-negro/p/MCO28965708
MCO1504360497,Caixun C32vjhz Televisor 32 Hd Smart Led Android,586900.0,0,50,MCO1000,https://www.mercadolibre.com.co/caixun-c32vjhz-televisor-32-hd-smart-led-android/p/MCO42928620
MCO1290681871,Audifonos Linkon Deportivos Inalambricos Bluetooth Microfono,61990.0,0,100,MCO1000,https://www.mercadolibre.com.co/audifonos-linkon-deportivos-inalambricos-bluetooth-microfono/p/MCO21759290
MCO1271613775,Pila Energizer Recharge Universal Aaa X 4und,38082.0,0,1,MCO1000,https://www.mercadolibre.com.co/pila-energizer-recharge-universal-aaa-x-4und/p/MCO22015422
MCO2804477016,Televisor 32 Pulgadas Led,569900.0,0,1,MCO1000,https://www.mercadolibre.com.co/televisor-32-pulgadas-led/p/MCO45577048
MCO1790461338,Parlante Portátil Kalley,64900.0,0,250,MCO1000,https://www.mercadolibre.com.co/parlante-portatil-kalley/p/MCO23750371
MCO2381806448,Adaptador Conversor Convertidor Hdmi Macho A Vga Hembra,7600.0,0,200,MCO1000,https://www.mercadolibre.com.co/adaptador-conversor-convertidor-hdmi-macho-a-vga-hembra/p/MCO35228283
MCO1379671941,Audífonos In-ear  Kz Edx Pro With Mic Blanco,60000.0,0,1,MCO1000,https://www.mercadolibre.com.co/audifonos-in-ear-kz-edx-pro-with-mic-blanco/p/MCO26311504
MCO1516968721,Televisor Hisense 65q6n 65 Pulgadas Qled 4k Uhd,2490947.0,0,1,MCO1000,https://www.mercadolibre.com.co/televisor-hisense-65q6n-65-pulgadas-qled-4k-uhd/p/MCO44553386
MCO1957522156,Proel Lw Ms 10 Base De Micrófono Tipo Boom Proel Lwms Italia Color Negro,72000.0,0,1,MCO1000,https://www.mercadolibre.com.co/proel-lw-ms-10-base-de-microfono-tipo-boom-proel-lwms-italia-color-negro/p/MCO23791419
MCO1439480187,Televisor Samsung Du8000 Smart 55 Pulgadas Crystal Uhd 4k,1859900.0,0,1,MCO1000,https://www.mercadolibre.com.co/televisor-samsung-du8000-smart-55-pulgadas-crystal-uhd-4k/p/MCO37705873
MCO2617199448,Parlante Jbl Partybox Stage 320 Jblpbstage320am Portátil Con Bluetooth Waterproof Negra 110v,2456090.0,0,1,MCO1000,https://www.mercadolibre.com.co/parlante-jbl-partybox-stage-320-jblpbstage320am-portatil-con-bluetooth-waterproof-negra-110v/p/MCO44719669
MCO1434094723,Tv Control Remoto Para LG Smart Tv Led Akb75095308,13857.0,0,150,MCO1000,https://www.mercadolibre.com.co/tv-control-remoto-para-lg-smart-tv-led-akb75095308/p/MCO29415045
MCO2484871040,Smart Tv Samsung Un50du7000kxzl 50  4k Crystal,1614905.0,0,1,MCO1000,https://www.mercadolibre.com.co/smart-tv-samsung-un50du7000kxzl-50-4k-crystal/p/MCO37849364
MCO1525353403,Google Nest Mini Nest Mini 2nd Gen Con Asistente Virtual Google Assistant Charcoal 110/220v,183268.0,0,1,MCO1000,https://www.mercadolibre.com.co/google-nest-mini-nest-mini-2nd-gen-con-asistente-virtual-google-assistant-charcoal-110220v/p/MCO15541142
MCO2557381816,Pila Batería Recargable Aa X4 Unidades 4800mah 1.2v Ni-mh,39211.0,0,1,MCO1000,https://www.mercadolibre.com.co/pila-bateria-recargable-aa-x4-unidades-4800mah-12v-ni-mh/p/MCO21644800
MCO1257183325,Audífonos Kz Zex De 4 Drivers Con Aislamiento De Ruido Color Negro Black Color De La Luz Negro,106547.0,0,1,MCO1000,https://www.mercadolibre.com.co/audifonos-kz-zex-de-4-drivers-con-aislamiento-de-ruido-color-negro-black-color-de-la-luz-negro/p/MCO20861909
MCO2756561278,Tv Samsung Oled 65 4k Qn65s90da,4958991.0,0,1,MCO1000,https://www.mercadolibre.com.co/tv-samsung-oled-65-4k-qn65s90da/p/MCO43553595
MCO1467741713,Kz Zs10 Pro X In-ear Nuevos Profesionales Con Micrófono,127437.0,0,1,MCO1000,https://www.mercadolibre.com.co/kz-zs10-pro-x-in-ear-nuevos-profesionales-con-microfono/p/MCO24571062
MCO942779642,"Logitech Z313, Altavoces 2.1 De Sonido Potente Y Equilibrado Color Negro 110v",229900.0,0,1,MCO1000,https://www.mercadolibre.com.co/logitech-z313-altavoces-21-de-sonido-potente-y-equilibrado-color-negro-110v/p/MCO19525471
MCO2740753192,Televisor Sony K-55s30 Bravia 3 4k Hdr Processor X1 Google,3903920.0,0,1,MCO1000,https://www.mercadolibre.com.co/televisor-sony-k-55s30-bravia-3-4k-hdr-processor-x1-google/p/MCO36970130
MCO2660222352,Pila Batería Manganeso Tronex Ehd Aaa Blister X2,2910.0,0,50,MCO1000,https://www.mercadolibre.com.co/pila-bateria-manganeso-tronex-ehd-aaa-blister-x2/p/MCO40236283
MCO1532647073,Televisor Hisense 32a4n 32 Pulgadas Led Hd,679900.0,0,1,MCO1000,https://www.mercadolibre.com.co/televisor-hisense-32a4n-32-pulgadas-led-hd/p/MCO45456014
MCO1387897163,"Logitech G335, Diadema Gamer Pc, Ps5, Xbox / Color & Confort Color Negro",273900.0,0,1,MCO1000,https://www.mercadolibre.com.co/logitech-g335-diadema-gamer-pc-ps5-xbox-color-confort-color-negro/p/MCO18519571
MCO2158678814,Baterías Pilas Recargables Aa 2700 Mah Beston,60001.0,0,1,MCO1000,https://www.mercadolibre.com.co/baterias-pilas-recargables-aa-2700-mah-beston/p/MCO27141963
MCO1428267133,Parlante Bluetooth Portatil Karaoke Bafle Microfono Bowmann Color Negro 5v,160100.0,0,1,MCO1000,https://www.mercadolibre.com.co/parlante-bluetooth-portatil-karaoke-bafle-microfono-bowmann-color-negro-5v/p/MCO27973922
MCO1474025099,Televisor Caixun Smart Tv 43 Pulgadas C43vafw,927900.0,0,1,MCO1000,https://www.mercadolibre.com.co/televisor-caixun-smart-tv-43-pulgadas-c43vafw/p/MCO40063348
MCO1326921023,Parlante Portátil Kalley Bluetooth Radio Puerto Usb|microsd ,64900.0,0,150,MCO1000,https://www.mercadolibre.com.co/parlante-portatil-kalley-bluetooth-radio-puerto-usbmicrosd/p/MCO23665334
MCO2779592076,Televisor 43 Pulgadas Google Tv Challenger,1019900.0,0,1,MCO1000,https://www.mercadolibre.com.co/televisor-43-pulgadas-google-tv-challenger/p/MCO44959877
MCO1419932215,Pila Batería Manganeso Tronex Ehd Aa Blister X2,2900.0,0,1,MCO1000,https://www.mercadolibre.com.co/pila-bateria-manganeso-tronex-ehd-aa-blister-x2/p/MCO36481490
MCO1780308138,Audifonos Jbl Tune 520 Bt Bluetooth On Ear Color Blanco,159900.0,0,50,MCO1000,https://www.mercadolibre.com.co/audifonos-jbl-tune-520-bt-bluetooth-on-ear-color-blanco/p/MCO25645515
MCO2729959550,Cable Hdmi 5 Metros - Doble Filtro Mallado Punta Dorada,10098.0,0,1,MCO1000,https://www.mercadolibre.com.co/cable-hdmi-5-metros-doble-filtro-mallado-punta-dorada/p/MCO21304814
MCO1455713135,Radio Retro Potente Grande Multibandas Am Fm Bluetooth Color Café 5v,64017.0,0,1,MCO1000,https://www.mercadolibre.com.co/radio-retro-potente-grande-multibandas-am-fm-bluetooth-color-cafe-5v/p/MCO37190040
MCO2609512952,Parlante Sony Srs-ult1000 Con Bluetooth Negra 110v,3775939.0,0,1,MCO1000,https://www.mercadolibre.com.co/parlante-sony-srs-ult1000-con-bluetooth-negra-110v/p/MCO44744960
MCO1453545549,Televisor Samsung Smart 65 Crystal Du7000,2279900.0,0,1,MCO1000,https://www.mercadolibre.com.co/televisor-samsung-smart-65-crystal-du7000/p/MCO37918726
MCO1456528419,Auriculares In-ear Gamer Inalámbricos Tws  F9-5 Bth-f9-5 Negro Con Luz Led,14600.0,0,1,MCO1000,https://www.mercadolibre.com.co/auriculares-in-ear-gamer-inalambricos-tws-f9-5-bth-f9-5-negro-con-luz-led/p/MCO19733102
MCO2262015302,Soporte Plegable Para Decodificador Parte Superior Tv Color Negro,13990.0,0,1,MCO1000,https://www.mercadolibre.com.co/soporte-plegable-para-decodificador-parte-superior-tv-color-negro/p/MCO19928982
MCO1351194293,Televisor Sony 43 4k Ultra Hd Smart Tv Kd-43x77l,2399900.0,0,1,MCO1000,https://www.mercadolibre.com.co/televisor-sony-43-4k-ultra-hd-smart-tv-kd-43x77l/p/MCO23870876
MCO1424140899,Audífonos In-ear Kz Audio Edx Pro Sin Micrófono Negro,42900.0,0,1,MCO1000,https://www.mercadolibre.com.co/audifonos-in-ear-kz-audio-edx-pro-sin-microfono-negro/p/MCO19526661
MCO2694035504,Chip Led Genérica Led 110v Rgb,19412.0,0,1,MCO1000,https://www.mercadolibre.com.co/chip-led-generica-led-110v-rgb/p/MCO44127264
MCO2174787524,Parlante Jbl Wind 3 Bici Moto Bluetooth Micro Sd Y Radio Fm Voltaje 110v Color Negro,260000.0,0,1,MCO1000,https://www.mercadolibre.com.co/parlante-jbl-wind-3-bici-moto-bluetooth-micro-sd-y-radio-fm-voltaje-110v-color-negro/p/MCO24045605
MCO1456405961,Televisor Inteligente LG Led 65 65ur871c0sa Ai Thinq Led 4k 65 100v/240v,2500939.0,0,1,MCO1000,https://www.mercadolibre.com.co/televisor-inteligente-lg-led-65-65ur871c0sa-ai-thinq-led-4k-65-100v240v/p/MCO24540517
MCO2516357648,"Radio Sonivox Electrico, Bateria Analógico 110v/220v Portátil",60001.0,0,1,MCO1000,https://www.mercadolibre.com.co/radio-sonivox-electrico-bateria-analogico-110v220v-portatil/p/MCO34723018
MCO1465866705,Televisor Caixun C50vauv 50 Pulgadas Uhd Smart Tv Vidaa,1316900.0,0,1,MCO1000,https://www.mercadolibre.com.co/televisor-caixun-c50vauv-50-pulgadas-uhd-smart-tv-vidaa/p/MCO27241984
MCO2215367174,Micrófono Inalámbrico Para Celular Tablet K8 Tipo C Novedoso Color Negro,25700.0,0,200,MCO1000,https://www.mercadolibre.com.co/microfono-inalambrico-para-celular-tablet-k8-tipo-c-novedoso-color-negro/p/MCO26333765
MCO1481063435,Soporte Ergonomico Para Monitores Y Portatil Nb A Escritorio Color Negro,220900.0,0,50,MCO1000,https://www.mercadolibre.com.co/soporte-ergonomico-para-monitores-y-portatil-nb-a-escritorio-color-negro/p/MCO29000692
MCO1442482289,Televisor Samsung Smart 98 Crystal Du9000,14999900.0,0,1,MCO1000,https://www.mercadolibre.com.co/televisor-samsung-smart-98-crystal-du9000/p/MCO37827543
MCO1625459536,Parlante Portatil Challenger Bluetooth Usb 50w Sc50 Color Negro,279900.0,0,1,MCO1000,https://www.mercadolibre.com.co/parlante-portatil-challenger-bluetooth-usb-50w-sc50-color-negro/p/MCO23415572
MCO1905025872,Adaptador Conversor Convertidor Hdmi Macho A Vga Hembra,14000.0,0,50,MCO1000,https://www.mercadolibre.com.co/adaptador-conversor-convertidor-hdmi-macho-a-vga-hembra/p/MCO23586910
MCO1299369397,Audífonos Inalámbricos Con Noise Cancelling Wh-ch720n Color Blanco,417900.0,0,1,MCO1000,https://www.mercadolibre.com.co/audifonos-inalambricos-con-noise-cancelling-wh-ch720n-color-blanco/p/MCO23449869
MCO2740766410,Televisor Sony K-65s30 Bravia 3 4k Hdr Processor X1 Google,4511119.0,0,1,MCO1000,https://www.mercadolibre.com.co/televisor-sony-k-65s30-bravia-3-4k-hdr-processor-x1-google/p/MCO39207782
MCO2810149534,Micrófono Shure Sv Sv200 Dinámico Cardioide Color Negros,124900.0,0,1,MCO1000,https://www.mercadolibre.com.co/microfono-shure-sv-sv200-dinamico-cardioide-color-negros/p/MCO18302793
MCO2717755446,Televisor Smart 55 Pulgadas Android 55bo67 Challenger,1649900.0,0,50,MCO1000,https://www.mercadolibre.com.co/televisor-smart-55-pulgadas-android-55bo67-challenger/p/MCO40340796
MCO2523956594,Soporte Brazo Articulado Micrófono Condenser Profesional Estudio. Ml35 Vt-power,24297.0,0,1,MCO1000,https://www.mercadolibre.com.co/soporte-brazo-articulado-microfono-condenser-profesional-estudio-ml35-vt-power/p/MCO25172444
MCO857566943,Parlante Sony Serie X Srs-xp700 Srs-xp700 Portátil Con Bluetooth Waterproof Negra 110v,1791363.0,0,1,MCO1000,https://www.mercadolibre.com.co/parlante-sony-serie-x-srs-xp700-srs-xp700-portatil-con-bluetooth-waterproof-negra-110v/p/MCO44712779
MCO1769569612,Smart Tv Televisor Samsung Un50cu7000kxzl 50  4k Led,1649900.0,0,1,MCO1000,https://www.mercadolibre.com.co/smart-tv-televisor-samsung-un50cu7000kxzl-50-4k-led/p/MCO23474198
MCO1351675377,Cinta Led Rgb Bluetooth Luces Usb Tv Hogar Música 5mts Luz Colores 110v,25500.0,0,1,MCO1000,https://www.mercadolibre.com.co/cinta-led-rgb-bluetooth-luces-usb-tv-hogar-musica-5mts-luz-colores-110v/p/MCO36175464
MCO2679963086,Adaptador Enchufe Universal Ac Viajero + Cargador 2 Usb,21226.0,0,1,MCO1000,https://www.mercadolibre.com.co/adaptador-enchufe-universal-ac-viajero-cargador-2-usb/p/MCO29367552
MCO1303077971,Audífonos Inalámbricos Wh-ch520 Color Azul,200933.0,0,1,MCO1000,https://www.mercadolibre.com.co/audifonos-inalambricos-wh-ch520-color-azul/p/MCO23138483
MCO2749126270,Televisor Hisense 50a6n 50 Pulgadas Led 4k Uhd,1499900.0,0,1,MCO1000,https://www.mercadolibre.com.co/televisor-hisense-50a6n-50-pulgadas-led-4k-uhd/p/MCO37747909
MCO2768414806,Auriculares Jbl Wave Buds Black,271920.0,0,1,MCO1000,https://www.mercadolibre.com.co/auriculares-jbl-wave-buds-black/p/MCO24541134
MCO2338638218,Televisor Smart 65  Crystal  Du8200,2099900.0,0,500,MCO1000,https://articulo.mercadolibre.com.co/MCO-2338638218-televisor-smart-65-crystal-du8200-_JM
MCO1487207617,Parlante Bose Home Portable Bluetooth Negro N/a,1589940.0,0,1,MCO1000,https://www.mercadolibre.com.co/parlante-bose-home-portable-bluetooth-negro-na/p/MCO44744881
MCO1342680252,Bateria Pila Gp Alcalina Original Lr44-a76-ag13(x10) Exp2024,12490.0,0,50,MCO1000,https://www.mercadolibre.com.co/bateria-pila-gp-alcalina-original-lr44-a76-ag13x10-exp2024/p/MCO21821762
MCO1902353266,Televisor Samsung 65 Crystal Uhd 4k Cu8000,2279905.0,0,1,MCO1000,https://www.mercadolibre.com.co/televisor-samsung-65-crystal-uhd-4k-cu8000/p/MCO24315666
MCO2303920454,Auriculares Gamer Kotion Each  G4000 Negro Y Azul Con Luz Led,74900.0,0,1,MCO1000,https://www.mercadolibre.com.co/auriculares-gamer-kotion-each-g4000-negro-y-azul-con-luz-led/p/MCO11355712
MCO1501539578,Gp Aa Pila Recargable 2600 Mah Blister X2 Unidades,33278.0,0,1,MCO1000,https://www.mercadolibre.com.co/gp-aa-pila-recargable-2600-mah-blister-x2-unidades/p/MCO20537071
MCO2805160276,Amazon Echo Show Echo Show 5 (3rd Gen) Con Asistente Virtual Alexa Carbón 110v/240v,330679.0,0,1,MCO1000,https://www.mercadolibre.com.co/amazon-echo-show-echo-show-5-3rd-gen-con-asistente-virtual-alexa-carbon-110v240v/p/MCO25436011
MCO1416638719,Televisor Hyundai 60 Pulgadas Hyled6003w 4k Uhd Led Smart Tv,1824900.0,0,1,MCO1000,https://www.mercadolibre.com.co/televisor-hyundai-60-pulgadas-hyled6003w-4k-uhd-led-smart-tv/p/MCO34953245
MCO2098467116,Mi Compact Bluetooth Xiaomi Speaker 2 Color White,60001.0,0,1,MCO1000,https://www.mercadolibre.com.co/mi-compact-bluetooth-xiaomi-speaker-2-color-white/p/MCO15453885
MCO1345170469,Google Tv Hyundai Smart 58 4k Comando De Voz,1749900.0,0,1,MCO1000,https://www.mercadolibre.com.co/google-tv-hyundai-smart-58-4k-comando-de-voz/p/MCO27456955
MCO2116113938,Pila Batería Aaa Recargable Gp Recyko 950 Mah X 2 Originales,20713.0,0,1,MCO1000,https://www.mercadolibre.com.co/pila-bateria-aaa-recargable-gp-recyko-950-mah-x-2-originales/p/MCO22255662
MCO2631939342,"Logitech Zone 300, Diadema Bt Inalámbrica, 2 Micrófonos, Blk Color Negro Luz Blanco",282200.0,0,1,MCO1000,https://www.mercadolibre.com.co/logitech-zone-300-diadema-bt-inalambrica-2-microfonos-blk-color-negro-luz-blanco/p/MCO37260289
MCO2808464288,Televisor Samsung Cu7000 Crystal Uhd 43 pulgadas 2023,1318811.0,0,1,MCO1000,https://www.mercadolibre.com.co/televisor-samsung-cu7000-crystal-uhd-43pulgadas-2023/p/MCO23474200
MCO1392115313,Micrófono Shure Sv100 Dinámico Cardioide Color Negro/plateados,114900.0,0,1,MCO1000,https://www.mercadolibre.com.co/microfono-shure-sv100-dinamico-cardioide-color-negroplateados/p/MCO19615029
MCO2664806206,Cinta Led Multicolor Rgb Luz 5050 5mts + Control + Adaptador,20100.0,0,1,MCO1000,https://www.mercadolibre.com.co/cinta-led-multicolor-rgb-luz-5050-5mts-control-adaptador/p/MCO33577655
MCO2660128628,Altavoz Harman Kardon Luna Color Negro,756000.0,0,500,MCO1000,https://www.mercadolibre.com.co/altavoz-harman-kardon-luna-color-negro/p/MCO28595801
MCO1515178051,Televisor Samsung Smart 55 Crystal Du7000,2439000.0,0,1,MCO1000,https://www.mercadolibre.com.co/televisor-samsung-smart-55-crystal-du7000/p/MCO37850031
MCO613181612,Audífonos Diadema Logitech H111 Gris,60001.0,0,1,MCO1000,https://www.mercadolibre.com.co/audifonos-diadema-logitech-h111-gris/p/MCO11754916
MCO2116089128,Pilas Recargable Tamaño Aaa Gp 4 Piezas 650 Mah Recyko Nimh,24524.0,0,50,MCO1000,https://www.mercadolibre.com.co/pilas-recargable-tamano-aaa-gp-4-piezas-650-mah-recyko-nimh/p/MCO21684407
MCO1532698251,Televisor Hisense 65a6n 65 Pulgadas Led 4k Uhd,2202032.0,0,1,MCO1000,https://www.mercadolibre.com.co/televisor-hisense-65a6n-65-pulgadas-led-4k-uhd/p/MCO45456015
MCO1455465189,Micrófono Condensador Maono Con Cancelación De Ruido Y Soporte De Brazo Rgb Dgm20s Cardioide Para Pc Y Celular Color Negro,218988.0,0,1,MCO1000,https://www.mercadolibre.com.co/microfono-condensador-maono-con-cancelacion-de-ruido-y-soporte-de-brazo-rgb-dgm20s-cardioide-para-pc-y-celular-color-negro/p/MCO26851471
MCO2560906888,Proyector Mini Magcubic Ultra Hd Projector Multimedia 8000lm Gris Oscuro 110v,229499.0,0,250,MCO1000,https://www.mercadolibre.com.co/proyector-mini-magcubic-ultra-hd-projector-multimedia-8000lm-gris-oscuro-110v/p/MCO43931861
MCO2134532702,Micrófono Profesional Grabación Estudio Con Soporte De Mesa Color Dorado,79900.0,0,1,MCO1000,https://www.mercadolibre.com.co/microfono-profesional-grabacion-estudio-con-soporte-de-mesa-color-dorado/p/MCO26912849
MCO1422540013,Mini Televisor Digital Portátil De Alta Definición Atsc 7 16,304433.52,0,150,MCO1000,https://www.mercadolibre.com.co/1080p-portable-tv-atsc-7-169-digital-television-tft-led/p/MCO2001324629
MCO1488273389,Parlante Cabina Bluetooth De 6.5 Pulgadas 5400w P.m.p.o Nia Color Negro 3.7,126000.0,0,1,MCO1000,https://www.mercadolibre.com.co/parlante-cabina-bluetooth-de-65-pulgadas-5400w-pmpo-nia-color-negro-37/p/MCO28460339
MCO2772218636,Televisor 50 Pulgadas Google Tv Challenger,1559900.0,0,1,MCO1000,https://www.mercadolibre.com.co/televisor-50-pulgadas-google-tv-challenger/p/MCO37918852
MCO2809619912,Proyector Mini Lrniubi Hy300 Proyector Actualizado X3 8000lm Blanco 110v,231909.0,0,250,MCO1000,https://www.mercadolibre.com.co/proyector-mini-lrniubi-hy300-proyector-actualizado-x3-8000lm-blanco-110v/p/MCO43933729
MCO1457725167,Audífonos Inalambricos Bluetooth F9-5 Tsw Powerbank Batería Color Negro,14600.0,0,50,MCO1000,https://www.mercadolibre.com.co/audifonos-inalambricos-bluetooth-f9-5-tsw-powerbank-bateria-color-negro/p/MCO29606583
MCO2425798000,Televisor Smart 55 Neo Qled 4k Qn85d,4199900.0,0,1,MCO1000,https://www.mercadolibre.com.co/televisor-smart-55-neo-qled-4k-qn85d/p/MCO37348873
MCO1536375893,Amazon Echo Show 8 3ra Generación Asistente Virtual Alexa Color Negro,567900.0,0,1,MCO1000,https://www.mercadolibre.com.co/amazon-echo-show-8-3ra-generacion-asistente-virtual-alexa-color-negro/p/MCO29361356
MCO1351405829,Parlante 1hora Boc241 Portátil Con Bluetooth Negra 110v,84090.0,0,1,MCO1000,https://www.mercadolibre.com.co/parlante-1hora-boc241-portatil-con-bluetooth-negra-110v/p/MCO44718280
MCO1533230079,Televisor LG 75 Pulgadas 4k Ultra Hd 75ut,3532900.0,0,1,MCO1000,https://articulo.mercadolibre.com.co/MCO-1533230079-televisor-lg-75-pulgadas-4k-ultra-hd-75ut-_JM
MCO2425773256,"Temporizador Programador Electrico, Timer, Reloj 110v 24h",29500.0,0,1,MCO1000,https://www.mercadolibre.com.co/temporizador-programador-electrico-timer-reloj-110v-24h/p/MCO37322096
MCO2207955858,Amazon Echo Dot 5th Gen Con Asistente Virtual Alexa 110v A 240v Color Blanco,210000.0,0,1,MCO1000,https://www.mercadolibre.com.co/amazon-echo-dot-5th-gen-con-asistente-virtual-alexa-110v-a-240v-color-blanco/p/MCO19795012
MCO2632675380,Televisor Samsung Gaming Smart 65 Neo Qled 4k Qn90d,6999900.0,0,1,MCO1000,https://www.mercadolibre.com.co/televisor-samsung-gaming-smart-65-neo-qled-4k-qn90d/p/MCO39651137
MCO1417908045,Cable Hdmi 3 Metros Mallado. Doble Filtro Núcleo De Ferrita,8050.0,0,100,MCO1000,https://www.mercadolibre.com.co/cable-hdmi-3-metros-mallado-doble-filtro-nucleo-de-ferrita/p/MCO36182192
MCO1340358853,Focusrite Scarlett Solo Studio Interfaz Audio Usb-c 4ª Gen Color Rojo,1248000.0,0,1,MCO1000,https://www.mercadolibre.com.co/focusrite-scarlett-solo-studio-interfaz-audio-usb-c-4-gen-color-rojo/p/MCO27088461
MCO1456416261,Tv Tcl 75 P755 4k-uhd Smart Tv Google,3562900.0,0,1,MCO1000,https://www.mercadolibre.com.co/tv-tcl-75-p755-4k-uhd-smart-tv-google/p/MCO37172697
MCO1441703289,Parlante Alta Voz Recargable Ducha Bluetooth Resiste Agua Color Fucsia,13292.0,0,500,MCO1000,https://www.mercadolibre.com.co/parlante-alta-voz-recargable-ducha-bluetooth-resiste-agua-color-fucsia/p/MCO29085462
MCO2618966058,Convertidor Adaptador Dp Displayport Macho A Hdmi Hembra 4k,13047.0,0,1,MCO1000,https://www.mercadolibre.com.co/convertidor-adaptador-dp-displayport-macho-a-hdmi-hembra-4k/p/MCO21618659
MCO2318020412,Qcy H3 Anc Audífonos Inalámbricos Gamer Diadema Hi-res Na Color Azul,150651.49,0,100,MCO1000,https://www.mercadolibre.com.co/qcy-h3-anc-audifonos-inalambricos-gamer-diadema-hi-res-na-color-azul/p/MCO28965400
MCO2740385096,Televisor Kalley 70 K-gtv70uhdq 4k-uhd Qled Smart Tv Google,2687900.0,0,50,MCO1000,https://www.mercadolibre.com.co/televisor-kalley-70-k-gtv70uhdq-4k-uhd-qled-smart-tv-google/p/MCO43093408
MCO1431360787,Audifonos Lenovo X3 Pro Thinkplus De Conduccion Osea Bt 5.3,98000.0,0,1,MCO1000,https://www.mercadolibre.com.co/audifonos-lenovo-x3-pro-thinkplus-de-conduccion-osea-bt-53/p/MCO24561494
MCO2740440820,Televisor 32 Pulgadas Caixun C32vahw,626900.0,0,1,MCO1000,https://www.mercadolibre.com.co/televisor-32-pulgadas-caixun-c32vahw/p/MCO41725454
MCO1527995625,Convertidor A Smart Tv Onn Google Tv Streaming Hd Color Negro Tipo De Control Remoto Sí,132500.0,0,50,MCO1000,https://www.mercadolibre.com.co/convertidor-a-smart-tv-onn-google-tv-streaming-hd-color-negro-tipo-de-control-remoto-si/p/MCO42615803
MCO2536673368,"Logitech S150, Altavoces Estéreo Usb, Control Volumen / Mute Color Black 110v",141900.0,0,1,MCO1000,https://www.mercadolibre.com.co/logitech-s150-altavoces-estereo-usb-control-volumen-mute-color-black-110v/p/MCO15905462
MCO1505262841,Televisor Samsung Gaming Smart 50 Neo Qled 4k Qn90d,3899900.0,0,1,MCO1000,https://www.mercadolibre.com.co/televisor-samsung-gaming-smart-50-neo-qled-4k-qn90d/p/MCO41502027
MCO1472369701,Juandacolombia S18pro Micrófono Profesional Inalámbrico De Solapa Doble Receptor S18 Pro Para Celular Usb Tipo C iPhone Lightning Y Computador Negro,159920.0,0,1,MCO1000,https://www.mercadolibre.com.co/juandacolombia-s18pro-microfono-profesional-inalambrico-de-solapa-doble-receptor-s18-pro-para-celular-usb-tipo-c-iphone-lightning-y-computador-negro/p/MCO28471213
MCO1485478307,Xiaomi Mi Tv Box S 2nd Control De Voz 4k 8gb 2gb Ram Color Negro,265723.0,0,1,MCO1000,https://www.mercadolibre.com.co/xiaomi-mi-tv-box-s-2nd-control-de-voz-4k-8gb-2gb-ram-color-negro/p/MCO24219631
MCO1340619703,Micrófono Inalámbrico De Solapa Bomge S17 Para Celular Receptor 3 En 1 Tipo C iPhone Y Plug 3.5 Para Cámara Y Parlante Color Negro,137700.0,0,1,MCO1000,https://www.mercadolibre.com.co/microfono-inalambrico-de-solapa-bomge-s17-para-celular-receptor-3-en-1-tipo-c-iphone-y-plug-35-para-camara-y-parlante-color-negro/p/MCO24147278
MCO2740752988,Televisor Sony K-85s30 Bravia 3 4k Hdr Processor X1 Google,7669199.0,0,1,MCO1000,https://www.mercadolibre.com.co/televisor-sony-k-85s30-bravia-3-4k-hdr-processor-x1-google/p/MCO38674227
MCO1373162759,Amazon Dot Echo Dot 5th Gen Con Asistente Virtual Alexa Deep Sea Blue 110/220v,239990.0,0,1,MCO1000,https://www.mercadolibre.com.co/amazon-dot-echo-dot-5th-gen-con-asistente-virtual-alexa-deep-sea-blue-110220v/p/MCO19795011
MCO2749164918,Televisor Hisense 43a6n 43 Pulgadas Led 4k Uhd,1310544.0,0,1,MCO1000,https://www.mercadolibre.com.co/televisor-hisense-43a6n-43-pulgadas-led-4k-uhd/p/MCO38219553
MCO2672360622,Parlante Bt 3401 Portátil Con Bluetooth Blanca 110v,56952.0,0,1,MCO1000,https://www.mercadolibre.com.co/parlante-bt-3401-portatil-con-bluetooth-blanca-110v/p/MCO44718972
MCO2805435536,Roku Express 4k+ 3941 De Voz 4k Negro Con 1gb De Memoria Ram,156180.0,0,1,MCO1000,https://www.mercadolibre.com.co/roku-express-4k-3941-de-voz-4k-negro-con-1gb-de-memoria-ram/p/MCO18329378
MCO1960307416,Tv De 22  Tigers Pro H008 Con Pantalla Led Hd,476762.0,0,50,MCO1000,https://www.mercadolibre.com.co/tv-de-22-tigers-pro-h008-con-pantalla-led-hd/p/MCO27006306
MCO1638864132,Audífonos Inalámbricos Wh-ch520 Color Beige ,200933.0,0,100,MCO1000,https://www.mercadolibre.com.co/audifonos-inalambricos-wh-ch520-color-beige/p/MCO23138485
MCO1486750981,Base Soporte Nia Televisor An - P4 32 - 60 Resistente Color Negro,60000.0,0,200,MCO1000,https://www.mercadolibre.com.co/base-soporte-nia-televisor-an-p4-32-60-resistente-color-negro/p/MCO25875768
MCO2318007386,Auriculares Gamer Inalámbricos Qcy  H3 Bh23h3a Blanco,141517.2,0,150,MCO1000,https://www.mercadolibre.com.co/auriculares-gamer-inalambricos-qcy-over-ear-h3-bh23h3a-blanco/p/MCO29582018
MCO1385479777,"Televisor LG Oled Objet Collection 55lx1, Procesador 4k (ai)",6499900.0,0,1,MCO1000,https://www.mercadolibre.com.co/televisor-lg-oled-objet-collection-55lx1-procesador-4k-ai/p/MCO23416934
MCO1499175731,Altavoz Parlante Recargable Bluetooth 5.0 Radio Fm Stereo Color Amarillo,31572.0,0,1,MCO1000,https://www.mercadolibre.com.co/altavoz-parlante-recargable-bluetooth-50-radio-fm-stereo-color-amarillo/p/MCO40872176
MCO1327980471,"Cable Hdmi 8k @60hz, 4k@120hz 48gbps V2.1 Trenzado Oro 2mts",43990.0,0,50,MCO1000,https://www.mercadolibre.com.co/cable-hdmi-8k-60hz-4k120hz-48gbps-v21-trenzado-oro-2mts/p/MCO26079764
MCO1489369171,Televisor Samsung Ai 55 Oled 4k 55s90d 2024,5999900.0,0,1,MCO1000,https://www.mercadolibre.com.co/televisor-samsung-ai-55-oled-4k-55s90d-2024/p/MCO36337906
MCO1525439707,Micrófono Fifine K669b Condensador Cardioide Color Negro,162726.0,0,1,MCO1000,https://www.mercadolibre.com.co/microfono-fifine-k669b-condensador-cardioide-color-negro/p/MCO17469532
MCO2354997870,Adaptador Corriente Viajero Universal Europa Cargador +forro,7200.0,0,1,MCO1000,https://www.mercadolibre.com.co/adaptador-corriente-viajero-universal-europa-cargador-forro/p/MCO36252683
MCO2383769442,Televisor Samsung Cu7000 Crystal Uhd 55 pulgadas 2023,2188200.0,0,1,MCO1000,https://www.mercadolibre.com.co/televisor-samsung-cu7000-crystal-uhd-55pulgadas-2023/p/MCO23541767
MCO1517976463,Echo Show 8 3ra Gen Mod 2023 Audio Espacial Blanco Glaciar,562597.0,0,1,MCO1000,https://www.mercadolibre.com.co/echo-show-8-3ra-gen-mod-2023-audio-espacial-blanco-glaciar/p/MCO32491596
MCO1474038429,Parlante Inalámbrico Sonos Era 100 Con Acústica Wifi Y Bt Color Blanco 110v/220v,1082000.0,0,1,MCO1000,https://www.mercadolibre.com.co/parlante-inalambrico-sonos-era-100-con-acustica-wifi-y-bt-color-blanco-110v220v/p/MCO22652501
MCO2555564756,Televisor Tg De 22 Pulgadas Pantalla Led Y Control Remoto,400000.0,0,1,MCO1000,https://www.mercadolibre.com.co/televisor-tg-de-22-pulgadas-pantalla-led-y-control-remoto/p/MCO34088667
MCO1500198773,Antena Tdt Potente Mejor Señal Imanada Television Digital,15920.0,0,1,MCO1000,https://www.mercadolibre.com.co/antena-tdt-potente-mejor-senal-imanada-television-digital/p/MCO23532310
MCO2757661976,"Amazon Echo Dot De 5ª Generación Con Asistente Virtual De Alexa, Color Azul Carbón",235737.0,0,500,MCO1000,https://www.mercadolibre.com.co/amazon-echo-dot-de-5-generacion-con-asistente-virtual-de-alexa-color-azul-carbon/p/MCO36373857
MCO2080610396,Mini Tv Monitor Hd De 7 Pulgadas Pantallas De Coche Portát A,116773.13,0,150,MCO1000,https://www.mercadolibre.com.co/mini-tv-monitor-hd-de-7-pulgadas-pantallas-de-coche-portat-a/p/MCO2005508327
MCO2083538826,Amazon Echo Dot Echo Dot 5th Gen Kids Con Asistente Virtual Alexa Owl 110/220v,220213.0,0,1,MCO1000,https://www.mercadolibre.com.co/amazon-echo-dot-echo-dot-5th-gen-kids-con-asistente-virtual-alexa-owl-110220v/p/MCO20659982
MCO1358381367,Soporte Para Escritorio Doble Portatil Y Monitor Northbayou Color Negro,259900.0,0,1,MCO1000,https://www.mercadolibre.com.co/soporte-para-escritorio-doble-portatil-y-monitor-northbayou-color-negro/p/MCO28042817
MCO1704041182,Sistema De Sonido Visivo 200 Watts,739926.0,0,1,MCO1000,https://www.mercadolibre.com.co/sistema-de-sonido-visivo-200-watts/p/MCO21287237
MCO1511882117,Televisor Caixun 55 Pulgadas Uhd Smart Tv Google C55vaug,1603900.0,0,1,MCO1000,https://www.mercadolibre.com.co/televisor-caixun-55-pulgadas-uhd-smart-tv-google-c55vaug/p/MCO29270790
MCO1818899742,Audífonos Sony Wi-c100 Color Blanco,98724.0,0,1,MCO1000,https://www.mercadolibre.com.co/audifonos-sony-wi-c100-color-blanco/p/MCO24454586
MCO1149786411,Tv Kalley 24 Pulgadas 61 Cm K-tv24hd Led Hd Plano,588905.0,0,1,MCO1000,https://www.mercadolibre.com.co/tv-kalley-24-pulgadas-61-cm-k-tv24hd-led-hd-plano/p/MCO20769618
MCO1488308691,Enchufe Universal Viajero Adaptador Europeo Americano Viaje Adaptador De Enchufe Americano A Nacional Qatarshop,9500.0,0,500,MCO1000,https://www.mercadolibre.com.co/enchufe-universal-viajero-adaptador-europeo-americano-viaje-adaptador-de-enchufe-americano-a-nacional-qatarshop/p/MCO24611947
MCO1466829361,Audífonos In-ear Gamer  Kz Edx With Mic Negro,60008.0,0,1,MCO1000,https://www.mercadolibre.com.co/audifonos-in-ear-gamer-kz-edx-with-mic-negro/p/MCO18247665
MCO1509003905,Monitor Pantalla 27 Pulgadas 1080p F-hd 100hz Caixun C27x3f,549900.0,0,1,MCO1000,https://www.mercadolibre.com.co/monitor-pantalla-27-pulgadas-1080p-f-hd-100hz-caixun-c27x3f/p/MCO29561226
MCO2202237306,Audifono Logitech H390 Usb A/ Cancelación De Ruido Color Rosa,174400.0,0,1,MCO1000,https://www.mercadolibre.com.co/audifono-logitech-h390-usb-a-cancelacion-de-ruido-color-rosa/p/MCO24524629
MCO1286488019,Parlante Sony Serie X Srs-xg300 Srs-xg300 Portátil Con Bluetooth Waterproof Gris 110v,991382.0,0,1,MCO1000,https://www.mercadolibre.com.co/parlante-sony-serie-x-srs-xg300-srs-xg300-portatil-con-bluetooth-waterproof-gris-110v/p/MCO44712456
MCO1454043731,Televisor Inteligente Tcl Led 55 P755 4k Uhd Google Tv,2499900.0,0,1,MCO1000,https://www.mercadolibre.com.co/televisor-inteligente-tcl-led-55-p755-4k-uhd-google-tv/p/MCO36550067
MCO1383575139,Protoboard 830 Puntos,10000.0,0,1,MCO1000,https://www.mercadolibre.com.co/protoboard-830-puntos/p/MCO29093211
MCO1490663133,Enchufe Inteligente Toma Wifi Smart Echo Alexa Google Y Siri Color Blanco,33406.0,0,1,MCO1000,https://www.mercadolibre.com.co/enchufe-inteligente-toma-wifi-smart-echo-alexa-google-y-siri-color-blanco/p/MCO21938743
MCO2690892636,Televisor Kalley 43 Pulgadas K-rtv43hd Smart Tv Roku Tv,999900.0,0,500,MCO1000,https://www.mercadolibre.com.co/televisor-kalley-43-pulgadas-k-rtv43hd-smart-tv-roku-tv/p/MCO41501614
MCO1358066105,6 X Pilas Audifono Rayovac 13 Pr48 Extra Advanced San Martin,13000.0,0,1,MCO1000,https://www.mercadolibre.com.co/6-x-pilas-audifono-rayovac-13-pr48-extra-advanced-san-martin/p/MCO22895447
MCO2196568450,Audífono Jbl Peak3 Color Negro Color De La Luz Rojo,365000.0,0,1,MCO1000,https://www.mercadolibre.com.co/audifono-jbl-peak3-color-negro-color-de-la-luz-rojo/p/MCO26094272
MCO2805066674,Televisor LG Led 55 Pulgadas 4k Uhd 55ut8050psb,1911900.0,0,1,MCO1000,https://www.mercadolibre.com.co/televisor-lg-led-55-pulgadas-4k-uhd-55ut8050psb/p/MCO38520945
MCO2458321124,"Ultimate Ears Wonderboom 3, Parlante Impermeable Bluetooth Color Performance Blue",299900.0,0,1,MCO1000,https://www.mercadolibre.com.co/ultimate-ears-wonderboom-3-parlante-impermeable-bluetooth-color-performance-blue/p/MCO24043250
MCO2646841854,Pila Litio Energizer 123 Bateria Photo Lithium Camaras Otros,16728.0,0,1,MCO1000,https://www.mercadolibre.com.co/pila-litio-energizer-123-bateria-photo-lithium-camaras-otros/p/MCO19566648
MCO1765648626,Soporte Microfono Condensador Universal Linkon Ajustable Color Negro,92000.0,0,50,MCO1000,https://www.mercadolibre.com.co/soporte-microfono-condensador-universal-linkon-ajustable-color-negro/p/MCO25705763
MCO2805050784,Tv LG 50 Pulgadas 126 Cm 50ut8050psb 4k-uhd Led Smart Tv,1764900.0,0,1,MCO1000,https://www.mercadolibre.com.co/tv-lg-50-pulgadas-126-cm-50ut8050psb-4k-uhd-led-smart-tv/p/MCO44783386
MCO1472008795,Control Remoto Akb75855501 Compatible Con LG Magic An-mr2020,68750.0,0,1,MCO1000,https://www.mercadolibre.com.co/control-remoto-akb75855501-compatible-con-lg-magic-an-mr2020/p/MCO38807260
MCO2116124950,Parlante Sony Portátil Extra Bass Con Bluetooth Srs-xb100 Color Gris 5,198337.0,0,1,MCO1000,https://www.mercadolibre.com.co/parlante-sony-portatil-extra-bass-con-bluetooth-srs-xb100-color-gris-5/p/MCO29066046
MCO1800230580,Google Tv Hyundai Smart 55 4k Comando De Voz,1779900.0,0,1,MCO1000,https://www.mercadolibre.com.co/google-tv-hyundai-smart-55-4k-comando-de-voz/p/MCO26207878
MCO1419428513,Parlante Ducha Bts-06 Mymobile Color Amarillo,16276.0,0,50,MCO1000,https://www.mercadolibre.com.co/parlante-ducha-bts-06-mymobile-color-amarillo/p/MCO35065700
MCO1536197829,Pantalla 50'' Samsung Crystal Uhd 4k Du8000 Diseño Air Slim,1709905.0,0,1,MCO1000,https://www.mercadolibre.com.co/pantalla-50-samsung-crystal-uhd-4k-du8000-diseno-air-slim/p/MCO44888334
MCO857578951,Audífonos Sony Noise Cancelling Bluetooth Hi-res Wh-1000xm4 Color Gris ,1085941.0,0,50,MCO1000,https://www.mercadolibre.com.co/audifonos-sony-noise-cancelling-bluetooth-hi-res-wh-1000xm4-color-gris/p/MCO16183556
MCO2747806690,Cable De Red 10 Mts  Cat 6,9808.0,0,1,MCO1000,https://www.mercadolibre.com.co/cable-de-red-10-mts-cat-6/p/MCO27229750
MCO1340473153,Bocina Bluetooth Portátil 1hora Boc060 Color Negro,67390.0,0,1,MCO1000,https://www.mercadolibre.com.co/bocina-bluetooth-portatil-1hora-boc060-color-negro/p/MCO17385336
MCO1369223989,Tv Kalley 40 102 Cm K-gtv40 Fhd Led Smart Tv Google,963900.0,0,100,MCO1000,https://www.mercadolibre.com.co/tv-kalley-40-102-cm-k-gtv40-fhd-led-smart-tv-google/p/MCO28679660
MCO616080407,Roku Express Convertidor Smart Tv Wifi Negro Tipo De Control Remoto Estándar,137990.0,0,1,MCO1000,https://www.mercadolibre.com.co/roku-express-convertidor-smart-tv-wifi-negro-tipo-de-control-remoto-estandar/p/MCO15970894
MCO2595608598,Parlante Bafle Portátil Inalámbrico Ult Field 7 - Srs-ult70 Color Negro 110v/220v,1583927.0,0,1,MCO1000,https://www.mercadolibre.com.co/parlante-bafle-portatil-inalambrico-ult-field-7-srs-ult70-color-negro-110v220v/p/MCO38746529
MCO847148273,Smart Tv De 58  Samsung Series 7 Un58au7000k Con Pantalla Led 4k,1989900.0,0,1,MCO1000,https://www.mercadolibre.com.co/smart-tv-de-58-samsung-series-7-un58au7000k-con-pantalla-led-4k/p/MCO18647733
MCO1342642113,Audífonos Sony  Inalámbricos In-ear Wi-c100 Color Azul,98724.0,0,1,MCO1000,https://www.mercadolibre.com.co/audifonos-sony-inalambricos-in-ear-wi-c100-color-azul/p/MCO26990277
MCO2408694792,Soporte De Pared Movible Para Tv De 32 A 55 Pulgadas An400 Negro,29125.0,0,150,MCO1000,https://www.mercadolibre.com.co/soporte-de-pared-movible-para-tv-de-32-a-55-pulgadas-an400-negro/p/MCO24568070
MCO2437851090,Smart Tv Samsung Qn65qn85dbkxzl 65'' Neo Qled,6399900.0,0,1,MCO1000,https://www.mercadolibre.com.co/smart-tv-samsung-qn65qn85dbkxzl-65-neo-qled/p/MCO37631654
MCO1946900652,Sony Icd-px240 Stick De Grabación Digital Portátil De 4 Gb Color Negro,204700.0,0,1,MCO1000,https://www.mercadolibre.com.co/sony-icd-px240-stick-de-grabacion-digital-portatil-de-4-gb-color-negro/p/MCO27118222
MCO1039157023,Audífonos Con Micrófono Omega · Cuero En Diadema Y Orejeras Color Negro,18474.0,0,1,MCO1000,https://www.mercadolibre.com.co/audifonos-con-microfono-omega-cuero-en-diadema-y-orejeras-color-negro/p/MCO19761925
MCO2691389998,Televisor Smart 65 The Frame Ls03d,4799990.0,0,1,MCO1000,https://www.mercadolibre.com.co/televisor-smart-65-the-frame-ls03d/p/MCO36755815
MCO1505219611,Bocina Sony Portátil Inalámbrica Ult Field 1 | Srs-ult10 Color Naranja,448430.0,0,1,MCO1000,https://www.mercadolibre.com.co/bocina-sony-portatil-inalambrica-ult-field-1-srs-ult10-color-naranja/p/MCO41604757
MCO2397075058,Soporte Base Pared Tv Lcd Led Base 14 Hasta 55 '' 50kg Full Color Negro,29990.0,0,1,MCO1000,https://www.mercadolibre.com.co/soporte-base-pared-tv-lcd-led-base-14-hasta-55-50kg-full-color-negro/p/MCO19932657
MCO1488107915,Tv Tcl 50  C655 4k-uhd Qled Smart Tv Google + Pin Directv Go,1739900.0,0,100,MCO1000,https://articulo.mercadolibre.com.co/MCO-1488107915-tv-tcl-50-c655-4k-uhd-qled-smart-tv-google-pin-directv-go-_JM
MCO1705663314,Torre De Sonido Mx-t70 Color Negro,1199900.0,0,1,MCO1000,https://www.mercadolibre.com.co/torre-de-sonido-mx-t70-color-negro/p/MCO23444635
MCO2309946916,Cargador Baterías Beston  + 4 Baterias  Recargables,36359.0,0,1,MCO1000,https://www.mercadolibre.com.co/cargador-baterias-beston-4-baterias-recargables/p/MCO21862772
MCO2809949114,Audífonos Bluetooth X7 Conducción Osea Lenovo Color Negro,109282.0,0,1,MCO1000,https://www.mercadolibre.com.co/audifonos-bluetooth-x7-conduccion-osea-lenovo-color-negro/p/MCO42355147
MCO2232990806,Tv Kalley 50 K-gtv50uhdqv 4k-uhd Qled Smart Tv Google,2537667.0,0,150,MCO1000,https://www.mercadolibre.com.co/tv-kalley-50-k-gtv50uhdqv-4k-uhd-qled-smart-tv-google/p/MCO28593564
MCO1441705259,Parlante Bluetooth Radio Fm Carga Solar + Lampara Emergencia,36900.0,0,1,MCO1000,https://www.mercadolibre.com.co/parlante-bluetooth-radio-fm-carga-solar-lampara-emergencia/p/MCO21860120
MCO1282445379,Televisor Hyundai 58 Pulgadas Smart 4k - Web Os,1849900.0,0,1,MCO1000,https://www.mercadolibre.com.co/televisor-hyundai-58-pulgadas-smart-4k-web-os/p/MCO21611249
MCO2658861148,"Receptor Bluetooth Musica Manos Libres Para Equipo-auto 3,5m",10990.0,0,1,MCO1000,https://www.mercadolibre.com.co/receptor-bluetooth-musica-manos-libres-para-equipo-auto-35m/p/MCO22742871
MCO2466251890,Microfono Bluetooth Ws 858 Karaoke Color Azul,26074.0,0,1,MCO1000,https://www.mercadolibre.com.co/microfono-bluetooth-ws-858-karaoke-color-azul/p/MCO25578915
MCO1877339462,Televisor Challenger 32h2 T2 Hd Led,759900.0,0,1,MCO1000,https://www.mercadolibre.com.co/televisor-challenger-32h2-t2-hd-led/p/MCO23438870
MCO2261645566,Kit De Grabación Focusrite Scarlett 2i2 Studio 4ª Gen Color Rojo 5v,1600000.0,0,1,MCO1000,https://www.mercadolibre.com.co/kit-de-grabacion-focusrite-scarlett-2i2-studio-4-gen-color-rojo-5v/p/MCO27312864
MCO2031873714,Rayovac Pilas Para Audifonos Extra 312 6 Pilas,13000.0,0,1,MCO1000,https://www.mercadolibre.com.co/rayovac-pilas-para-audifonos-extra-312-6-pilas/p/MCO23979435
MCO1276582019,Cabina De Sonido Profesional Recargable Bt Sonivox Vs-ss2134,139000.0,0,1,MCO1000,https://www.mercadolibre.com.co/cabina-de-sonido-profesional-recargable-bt-sonivox-vs-ss2134/p/MCO22209209
MCO2727631962,Combo Televisor 50  Qled 4k Samsung + Barra Sonido Hwc400,2012900.0,0,150,MCO1000,https://articulo.mercadolibre.com.co/MCO-2727631962-combo-televisor-50-qled-4k-samsung-barra-sonido-hwc400-_JM
MCO2804663744,Soporte Para Tv Brazo North Bayou Nb P4 32 A 55 Color Negro,60000.0,0,150,MCO1000,https://www.mercadolibre.com.co/soporte-para-tv-brazo-north-bayou-nb-p4-32-a-55-color-negro/p/MCO15248172
MCO1329349391,Audífonos Lenovo Thinkplus Gm2 Pro Negro,125000.0,0,1,MCO1000,https://www.mercadolibre.com.co/audifonos-lenovo-thinkplus-gm2-pro-negro/p/MCO20912075
MCO1493463551,Televisor Caixun 40 Pulgadas Fhd Smart Negro C40vjfz,812900.0,0,1,MCO1000,https://articulo.mercadolibre.com.co/MCO-1493463551-televisor-caixun-40-pulgadas-fhd-smart-negro-c40vjfz-_JM
MCO1533598401,Audífonos Jbl Quantum Q100 Gaming Color Negro,199700.0,0,1,MCO1000,https://www.mercadolibre.com.co/audifonos-jbl-quantum-q100-gaming-color-negro/p/MCO16239943
MCO811866578,Smart Tv De 32  Exclusiv El32f2sm Con Pantalla Led Hd,922900.0,0,1,MCO1000,https://www.mercadolibre.com.co/smart-tv-de-32-exclusiv-el32f2sm-con-pantalla-led-hd/p/MCO16951549
MCO1520328047,Parlante Bluetooth Anker Soundcore 2 Color Negro Mejorado Ipx7 A Prueba De Agua Sumergible Sonido Estéreo Reproducción 24 Horas Altavoz Inalámbrico Portátil Batería Recargable Para El Hogar Aire Libre,241306.0,0,1,MCO1000,https://www.mercadolibre.com.co/parlante-bluetooth-anker-soundcore-2-color-negro-mejorado-ipx7-a-prueba-de-agua-sumergible-sonido-estereo-reproduccion-24-horas-altavoz-inalambrico-portatil-bateria-recargable-para-el-hogar-aire-libre/p/MCO24401654
MCO1722134142,Soporte De Pared Para Tv 26 - 63 Mt-146 Color Negro,17000.0,0,1,MCO1000,https://www.mercadolibre.com.co/soporte-de-pared-para-tv-26-63-mt-146-color-negro/p/MCO21205748
MCO2169225562,Auriculares In-ear Inalámbricos Kz Profesional Edx Pro Edx Pro Cristal,41724.0,0,1,MCO1000,https://www.mercadolibre.com.co/auriculares-in-ear-inalambricos-kz-profesional-edx-pro-edx-pro-cristal/p/MCO19526657
MCO2303922056,Televisor Sankey 24 Pulgada Smart Tv,510000.0,0,1,MCO1000,https://articulo.mercadolibre.com.co/MCO-2303922056-televisor-sankey-24-pulgada-smart-tv-_JM
MCO1271906953,"Batería Pila Cr2025 Nueva Sony Original Litio, 3v, Pack X 5",11900.0,0,1,MCO1000,https://www.mercadolibre.com.co/bateria-pila-cr2025-nueva-sony-original-litio-3v-pack-x-5/p/MCO21621245
MCO2261394742,"Audífonos Inalámbricos Bluetooth On Ear Headphones 1hora Compatibles Con iPhone, Android Y Tabletas - Llamadas Manos Libres Con Micrófono",60114.0,0,1,MCO1000,https://www.mercadolibre.com.co/audifonos-inalambricos-bluetooth-on-ear-headphones-1hora-compatibles-con-iphone-android-y-tabletas-llamadas-manos-libres-con-microfono/p/MCO29058833
MCO1402663481,Televisor Smart Hyundai 58 Pulgadas - Hytos 4k,1649900.0,0,1,MCO1000,https://www.mercadolibre.com.co/televisor-smart-hyundai-58-pulgadas-hytos-4k/p/MCO34286987
MCO1694391496,Parlante Microfono Para Conferencia Jabra Speak510 Bluetooth Color Negro,599900.0,0,1,MCO1000,https://www.mercadolibre.com.co/parlante-microfono-para-conferencia-jabra-speak510-bluetooth-color-negro/p/MCO20710935
MCO1743372882,Televisor LG 55 Pulgadas Smart Tv 4k 55ur Magic Control Magi,1865900.0,0,1,MCO1000,https://articulo.mercadolibre.com.co/MCO-1743372882-televisor-lg-55-pulgadas-smart-tv-4k-55ur-magic-control-magi-_JM
MCO1421683523,Radio Am Fm Parlante Usb Retro Recargable Baterías ¡ Mp3! Color Negro Dc 5v,62238.0,0,250,MCO1000,https://www.mercadolibre.com.co/radio-am-fm-parlante-usb-retro-recargable-baterias-mp3-color-negro-dc-5v/p/MCO29262119
MCO1958226722,Decodificador Tdt Digital Hdmi Rca Usb Con Control Remoto Color Negro,60001.0,0,150,MCO1000,https://www.mercadolibre.com.co/decodificador-tdt-digital-hdmi-rca-usb-con-control-remoto-color-negro/p/MCO36475773
MCO2324650098,Auriculares Inalámbricos Bluetooth Xiaomi Redmi Buds 5  Color Azul,169776.0,0,1,MCO1000,https://www.mercadolibre.com.co/auriculares-inalambricos-bluetooth-xiaomi-redmi-buds-5-color-azul/p/MCO29809904
MCO1071597612,Samsung Televisor Smart  Fhd  40  Fhd T5290   Smart Tv,1069900.0,0,50,MCO1000,https://articulo.mercadolibre.com.co/MCO-1071597612-samsung-televisor-smart-fhd-40-fhd-t5290-smart-tv-_JM
MCO1322254785,Pila Bateria Alcalina Max D2 Energizer,20999.0,0,1,MCO1000,https://www.mercadolibre.com.co/pila-bateria-alcalina-max-d2-energizer/p/MCO24552870
MCO2111588582,Estuche Forro Antichoque Para Diadema Audifonos Gamer Color Negro,31900.0,0,1,MCO1000,https://www.mercadolibre.com.co/estuche-forro-antichoque-para-diadema-audifonos-gamer-color-negro/p/MCO25873105
MCO2739956228,Smart Tv 32a4n 32 Pulgadas Negro Hisense,679900.0,0,1,MCO1000,https://articulo.mercadolibre.com.co/MCO-2739956228-smart-tv-32a4n-32-pulgadas-negro-hisense-_JM
MCO1831579166,Parlante Bose Soundlink Revolve+ Ii Portátil Con Bluetooth Waterproof Triple Black 110v,1347999.0,0,1,MCO1000,https://www.mercadolibre.com.co/parlante-bose-soundlink-revolve-ii-portatil-con-bluetooth-waterproof-triple-black-110v/p/MCO44710412
MCO1574042046,Pila Gp Cr2450 Litio 3 Voltios X5 Unidades,32270.0,0,1,MCO1000,https://www.mercadolibre.com.co/pila-gp-cr2450-litio-3-voltios-x5-unidades/p/MCO21635159
MCO2447250718,Diadema  X-kim Mono Auricular Usb Hf-400 Control De Mando,79000.0,0,1,MCO1000,https://www.mercadolibre.com.co/diadema-x-kim-mono-auricular-usb-hf-400-control-de-mando/p/MCO19713464
MCO2740510046,Televisor Samsung 43 Crystal Uhd Smart Tv 4k Un43du7000kxzl,1639900.0,0,1,MCO1000,https://www.mercadolibre.com.co/televisor-samsung-43-crystal-uhd-smart-tv-4k-un43du7000kxzl/p/MCO42273059
MCO2768691708,Micrófono De Solapa Inalámbrico Juandacolombia Doble Receptor Para Celular Tipo C iPhone Y Pc Doble Con Estuche Color Negro Lavalier,94600.0,0,1,MCO1000,https://www.mercadolibre.com.co/microfono-de-solapa-inalambrico-juandacolombia-doble-receptor-para-celular-tipo-c-iphone-y-pc-doble-con-estuche-color-negro-lavalier/p/MCO26011407
MCO1800089050,Tv Led Visivo 24'' Digital D60 Vtl-hd2460t2,549900.0,0,500,MCO1000,https://www.mercadolibre.com.co/tv-led-visivo-24-digital-d60-vtl-hd2460t2/p/MCO26207877
MCO1440445187,Jbl Partybox 120,1581363.0,0,1,MCO1000,https://www.mercadolibre.com.co/jbl-partybox-120/p/MCO37335243
MCO2116063330,Batería Pila Recargable Gp Recyko 1300mah Aa Paquete De 2 Baterías,19397.0,0,1,MCO1000,https://www.mercadolibre.com.co/bateria-pila-recargable-gp-recyko-1300mah-aa-paquete-de-2-baterias/p/MCO26056678
MCO2514896032,Micrófonos Profesionales Solapa Inalámbricos Boya Boyalink Condensador Celular Android Ios Lightning Tipo C Cámara Dslr Computador Transmisión Estable Transmisión Vivo Youtube Instagram Tiktok Twitch,486900.0,0,1,MCO1000,https://www.mercadolibre.com.co/microfonos-profesionales-solapa-inalambricos-boya-boyalink-condensador-celular-android-ios-lightning-tipo-c-camara-dslr-computador-transmision-estable-transmision-vivo-youtube-instagram-tiktok-twitch/p/MCO27305052
MCO2593332282,Amazon Fire Tv Stick 4k De Voz 3.ª Generación 4k 8gb Negro Con 1.5gb De Memoria Ram,197999.0,0,1,MCO1000,https://www.mercadolibre.com.co/amazon-fire-tv-stick-4k-de-voz-3-generacion-4k-8gb-negro-con-15gb-de-memoria-ram/p/MCO22930162
MCO1509763461,Auriculares In-ear Inalámbricos Kz Auriculares Con Cable Zsn Pro With Mic Negro,68084.0,0,1,MCO1000,https://www.mercadolibre.com.co/auriculares-in-ear-inalambricos-kz-auriculares-con-cable-zsn-pro-with-mic-negro/p/MCO26195147
MCO1529726207,Televisor 65 Pulgadas Google Tv Challenger 65kg85,2309900.0,0,1,MCO1000,https://www.mercadolibre.com.co/televisor-65-pulgadas-google-tv-challenger-65kg85/p/MCO45434682
MCO2676574910,Parlante Luz Led Bombillo App Control Oferta Liquidacion,21713.0,0,1,MCO1000,https://www.mercadolibre.com.co/parlante-luz-led-bombillo-app-control-oferta-liquidacion/p/MCO19886826
MCO1491220497,Televisor 32  Pulgadas Google Tv,674900.0,0,100,MCO1000,https://articulo.mercadolibre.com.co/MCO-1491220497-televisor-32-pulgadas-google-tv-_JM
MCO2060223414,Enerizer Recargable Cilíndrica Pack 2 Pilas Aaa 700mha,17864.0,0,50,MCO1000,https://www.mercadolibre.com.co/enerizer-recargable-cilindrica-pack-2-pilas-aaa-700mha/p/MCO21671871
MCO1340717745,Amazon Echo Pop C2h4r9 Con Asistente Virtual Alexa Glacier White 110/220v,155000.0,0,1,MCO1000,https://www.mercadolibre.com.co/amazon-echo-pop-c2h4r9-con-asistente-virtual-alexa-glacier-white-110220v/p/MCO23995389
MCO2796118684,Tv Tcl 55  Pulgadas 55c655 4k-uhd Qled Smart Tv Google,1999900.0,0,1,MCO1000,https://articulo.mercadolibre.com.co/MCO-2796118684-tv-tcl-55-pulgadas-55c655-4k-uhd-qled-smart-tv-google-_JM
MCO1467768053,"Bocina Portátil Jbl Clip 5 Bluetooth, Negro. Color Negro",244126.0,0,1,MCO1000,https://www.mercadolibre.com.co/bocina-portatil-jbl-clip-5-bluetooth-negro-color-negro/p/MCO37110181
MCO1934285508,Receptor Y Transmisor Audio Bluetooth 5.0 Tv Pc Auto Kn321,27800.0,0,1,MCO1000,https://www.mercadolibre.com.co/receptor-y-transmisor-audio-bluetooth-50-tv-pc-auto-kn321/p/MCO27184858
MCO1533991859,Auriculares Oem Bluetooth  3ra Generación 30ipap3g Blanco,33000.0,0,200,MCO1000,https://www.mercadolibre.com.co/auriculares-oem-bluetooth-3ra-generacion-30ipap3g-blanco/p/MCO21482348
MCO1936622646,Tv Tigers Tg-0019v Led Hd 19  110v,220000.0,0,1,MCO1000,https://articulo.mercadolibre.com.co/MCO-1936622646-tv-tigers-tg-0019v-led-hd-19-110v-_JM
MCO1390464969,Parlante Kalley Inalámbrico Bluetooth Negro,250900.0,0,500,MCO1000,https://www.mercadolibre.com.co/parlante-kalley-inalambrico-bluetooth-negro/p/MCO28796354
MCO2765159664,Televisor Caixun 40 Fhd Smart Led Webos C40vafw,905464.0,0,1,MCO1000,https://www.mercadolibre.com.co/televisor-caixun-40-fhd-smart-led-webos-c40vafw/p/MCO41456165
MCO1963546620,Proel Bulk250lu6 Cable Xlr A Xlr /bulk 250 Lu6 6mts,45000.0,0,1,MCO1000,https://www.mercadolibre.com.co/proel-bulk250lu6-cable-xlr-a-xlr-bulk-250-lu6-6mts/p/MCO21304819
MCO2007488972,Audífonos Bluetooth Inalámbricos In-ear Aut206 Color Negro Color De La Luz Blanco,37790.0,0,1,MCO1000,https://www.mercadolibre.com.co/audifonos-bluetooth-inalambricos-in-ear-aut206-color-negro-color-de-la-luz-blanco/p/MCO25929472
MCO1507025727,Tv Hisense 43 Pulgadas Led Fhd Smart Tv 43a4n,998800.0,0,1,MCO1000,https://articulo.mercadolibre.com.co/MCO-1507025727-tv-hisense-43-pulgadas-led-fhd-smart-tv-43a4n-_JM
MCO2752191904,Audífonos Kz Zs10 Pro X Sin Micrófono Monitores In Ear Hifi,140000.0,0,1,MCO1000,https://www.mercadolibre.com.co/audifonos-kz-zs10-pro-x-sin-microfono-monitores-in-ear-hifi/p/MCO19768104
MCO1980933024,Parlante Bose S1 Pro System (con Batería) Portátil Con Bluetooth Negra 110v,4100000.0,0,50,MCO1000,https://www.mercadolibre.com.co/parlante-bose-s1-pro-system-con-bateria-portatil-con-bluetooth-negra-110v/p/MCO44710366
MCO2739956226,Smart Tv 65a6n 65 Pulgadas Negro Hisense,2202032.0,0,1,MCO1000,https://articulo.mercadolibre.com.co/MCO-2739956226-smart-tv-65a6n-65-pulgadas-negro-hisense-_JM
MCO2653714900,Decodificador Tdt Tv Digital Hd Más Control Color Negro,60001.0,0,1,MCO1000,https://www.mercadolibre.com.co/decodificador-tdt-tv-digital-hd-mas-control-color-negro/p/MCO32973041
MCO1464712345,Cargador De Pila Genérica 3600mah B801 - 110v Entrada,60100.0,0,1,MCO1000,https://www.mercadolibre.com.co/cargador-de-pila-generica-3600mah-b801-110v-entrada/p/MCO43925762
MCO2021689676,Focusrite Scarlett 2i2 Interfaz De Audio Usb-c 4ª Gen Color Rojo,1133900.0,0,1,MCO1000,https://www.mercadolibre.com.co/focusrite-scarlett-2i2-interfaz-de-audio-usb-c-4-gen-color-rojo/p/MCO27308270
MCO1398343207,Televisor Digital Portátil De Alta Definición De 10 Pulgadas,516452.01,0,1,MCO1000,https://www.mercadolibre.com.co/tv-digital-portatil-de-10-pulgadas-para-colombia/p/MCO2001420771
MCO1456605221,Microfono Inalámbrico De Solapa Celular Tablet Tipo C iPhone Color Negro,24000.0,0,500,MCO1000,https://www.mercadolibre.com.co/microfono-inalambrico-de-solapa-celular-tablet-tipo-c-iphone-color-negro/p/MCO21323639
MCO2495598990,Televisor Samsung Smart 77 Oled S90d,12999900.0,0,1,MCO1000,https://www.mercadolibre.com.co/televisor-samsung-smart-77-oled-s90d/p/MCO37920418
MCO2160951244,Parlante Aiwa Aws200bt Bluetooth 30w rms boombox color negro,259900.0,0,1,MCO1000,https://www.mercadolibre.com.co/parlante-aiwa-aws200bt-bluetooth-30wrmsboomboxcolornegro/p/MCO24846297
MCO2733256552,Cargador Beston + 4 Pilas Aaa Recargables 1.2v 1100mah,40724.0,0,50,MCO1000,https://www.mercadolibre.com.co/cargador-beston-4-pilas-aaa-recargables-12v-1100mah/p/MCO35838724
MCO1493428067,Televisor Caixun 32 Pulgadas Hd Smart Negro C32vjhz,586900.0,0,50,MCO1000,https://articulo.mercadolibre.com.co/MCO-1493428067-televisor-caixun-32-pulgadas-hd-smart-negro-c32vjhz-_JM
MCO1105544199,Auriculares Gamer Inalámbricos Cat Gaming Stn-28 Rosa Con Luz Led,27630.0,0,50,MCO1000,https://www.mercadolibre.com.co/auriculares-gamer-inalambricos-cat-gaming-stn-28-rosa-con-luz-led/p/MCO18709924
MCO881084954,Soporte Brazo Monitor Para 2 Pantallas Lcd Led Escritorio Color Negro Ergonomus 331,114900.0,0,50,MCO1000,https://www.mercadolibre.com.co/soporte-brazo-monitor-para-2-pantallas-lcd-led-escritorio-color-negro-ergonomus-331/p/MCO18951871
MCO1410229045,Audífonos De Diadema Kalley Inalámbricos Bluetooth,74900.0,0,500,MCO1000,https://www.mercadolibre.com.co/audifonos-de-diadema-kalley-inalambricos-bluetooth/p/MCO35274684
MCO1268093623,Televisor Monitor 19 Pulgadas 12 Voltios Tigers Hdmi Tdt Led,249900.0,0,1,MCO1000,https://articulo.mercadolibre.com.co/MCO-1268093623-televisor-monitor-19-pulgadas-12-voltios-tigers-hdmi-tdt-led-_JM
MCO1474057799,Parlante Barra De Sonido Mini Bluetooth Radio Fm Color Colores 110v,52698.0,0,1,MCO1000,https://www.mercadolibre.com.co/parlante-barra-de-sonido-mini-bluetooth-radio-fm-color-colores-110v/p/MCO37741745
MCO1630290128,Televisor Monitor 19 Pulgadas 12 Voltios Tigers Hdmi Tdt,259900.0,0,1,MCO1000,https://articulo.mercadolibre.com.co/MCO-1630290128-televisor-monitor-19-pulgadas-12-voltios-tigers-hdmi-tdt-_JM
MCO2755050168,Enchufe Inteligente Wifi Alexa X4 Y Google Nest Smart Plug Color Blanco,129400.0,0,50,MCO1000,https://www.mercadolibre.com.co/enchufe-inteligente-wifi-alexa-x4-y-google-nest-smart-plug-color-blanco/p/MCO25753722
MCO2687731702,Cable Extensión Usb 3.0 De 3 Metros Macho Hembra Version 4k Color Azul,25000.0,0,1,MCO1000,https://www.mercadolibre.com.co/cable-extension-usb-30-de-3-metros-macho-hembra-version-4k-color-azul/p/MCO21699459
MCO2625834618,"Cámara Infantil Drone E88 Para Principiantes, Hd1080mp, Wifi, Color Negro",84440.0,0,500,MCO1000,https://www.mercadolibre.com.co/camara-infantil-drone-e88-para-principiantes-hd1080mp-wifi-color-negro/p/MCO29476279
MCO866521961,Audifonos Inalámbricos Bluetooth Lenovo Livepods Lp40 Pro Color Negro ,90250.0,0,1,MCO1000,https://www.mercadolibre.com.co/audifonos-inalambricos-bluetooth-lenovo-livepods-lp40-pro-color-negro/p/MCO19592064
MCO1504922837,Smart Tv 55q6n 55 Pulgadas Negro Hisense,1849900.0,0,1,MCO1000,https://articulo.mercadolibre.com.co/MCO-1504922837-smart-tv-55q6n-55-pulgadas-negro-hisense-_JM
MCO1318558821,Parlante Sonos Fives Con Wifi Blanca 110v,2999900.0,0,1,MCO1000,https://www.mercadolibre.com.co/parlante-sonos-fives-con-wifi-blanca-110v/p/MCO44709675
MCO1504910393,Smart Tv 50q6n 50 Pulgadas Negro Hisense,1659900.0,0,1,MCO1000,https://articulo.mercadolibre.com.co/MCO-1504910393-smart-tv-50q6n-50-pulgadas-negro-hisense-_JM
MCO808547825,Audífonos De Monitoreo Audio-technica Ath-m40x Color Negro,500492.0,0,1,MCO1000,https://www.mercadolibre.com.co/audifonos-de-monitoreo-audio-technica-ath-m40x-color-negro/p/MCO6337847
MCO2674184556,Control Remoto Compatible Smart Tv Samsung Bn59-01199 Universal,15348.0,0,1,MCO1000,https://www.mercadolibre.com.co/control-remoto-compatible-smart-tv-samsung-bn59-01199-universal/p/MCO38802254
MCO2799818610,Enchufe Inteligente Smart Plug Wifi Control App Color Blanco,33061.0,0,1,MCO1000,https://www.mercadolibre.com.co/enchufe-inteligente-smart-plug-wifi-control-app-color-blanco/p/MCO28795382
MCO1508009171,Televisor Smart 50 Crystal Du8200,1748800.0,0,1,MCO1000,https://articulo.mercadolibre.com.co/MCO-1508009171-televisor-smart-50-crystal-du8200-_JM
MCO1379675515,Cargador De Pila Energizer Maxi - 110v Entrada 1.2v Salida,61900.0,0,1,MCO1000,https://www.mercadolibre.com.co/cargador-de-pila-energizer-maxi-110v-entrada-12v-salida/p/MCO43935690
MCO2808009364,Módulo Bluetooth Kz Az09 Color Negro Para Audífonos Kz Tipo C,101447.0,0,1,MCO1000,https://www.mercadolibre.com.co/modulo-bluetooth-kz-az09-color-negro-para-audifonos-kz-tipo-c/p/MCO19928002
MCO1516281771,Bombillo Parlante 12w Bluetooth Luces Led Rgb + Control Color Blanco 110v,15000.0,0,1,MCO1000,https://www.mercadolibre.com.co/bombillo-parlante-12w-bluetooth-luces-led-rgb-control-color-blanco-110v/p/MCO22209228
MCO2788525774,Televisor 32  Pulgadas Led,569900.0,0,1,MCO1000,https://articulo.mercadolibre.com.co/MCO-2788525774-televisor-32-pulgadas-led-_JM
MCO2676724270,Auriculares In-ear Gamer Inalámbricos Kz Auriculares Con Cable  Zsn Pro With Mic Dorado,85517.0,0,1,MCO1000,https://www.mercadolibre.com.co/auriculares-in-ear-gamer-inalambricos-kz-auriculares-con-cable-zsn-pro-with-mic-dorado/p/MCO26642843
MCO1372627185,Cable Hdmi 8k 4k Alta Velocidad 48gbps Certificado 2mts,39990.0,0,50,MCO1000,https://www.mercadolibre.com.co/cable-hdmi-8k-4k-alta-velocidad-48gbps-certificado-2mts/p/MCO28867582
MCO1787188158,Auriculares Jbl Tune Flex Bluetooth Cancelación Ruido 32hs Color Negro ,336400.0,0,1,MCO1000,https://www.mercadolibre.com.co/auriculares-jbl-tune-flex-bluetooth-cancelacion-ruido-32hs-color-negro/p/MCO24528202
MCO893325671,Tv De 32  Caixun Cx32f1hd Con Pantalla Led Hd,899900.0,0,1,MCO1000,https://www.mercadolibre.com.co/tv-de-32-caixun-cx32f1hd-con-pantalla-led-hd/p/MCO16065109
MCO2002060702,Parlante Kalley K-spk300d Bluetooth 300w Fm Usb Negro,723900.0,0,500,MCO1000,https://www.mercadolibre.com.co/parlante-kalley-k-spk300d-bluetooth-300w-fm-usb-negro/p/MCO25959376
MCO1511923571,Televisor LG 55  55ut8000psb 4k Ultra Hdsmart Tv Ai Webos,1849900.0,0,1,MCO1000,https://articulo.mercadolibre.com.co/MCO-1511923571-televisor-lg-55-55ut8000psb-4k-ultra-hdsmart-tv-ai-webos-_JM
MCO1379489429,Base Soporte Pared Televisión Smart Plasma Ecualizable 32-55 Color Negro,26691.0,0,500,MCO1000,https://www.mercadolibre.com.co/base-soporte-pared-television-smart-plasma-ecualizable-32-55-color-negro/p/MCO21766299
MCO2645847444,Microfono Inalambrico Profesional + Receptor Usb + Adaptador Color Negro,42320.0,0,1,MCO1000,https://www.mercadolibre.com.co/microfono-inalambrico-profesional-receptor-usb-adaptador-color-negro/p/MCO20761839
MCO1741649188, Google Tv Hyundai Smart 32 Hd / Comando De Voz,699900.0,0,1,MCO1000,https://articulo.mercadolibre.com.co/MCO-1741649188-google-tv-hyundai-smart-32-hd-comando-de-voz-_JM
MCO1141818876,Audifonos Negro Sin Microfono In-ear Mt1 De Trn,60000.0,0,1,MCO1000,https://www.mercadolibre.com.co/audifonos-negro-sin-microfono-in-ear-mt1-de-trn/p/MCO20539836
MCO1684817120,Pila Bateria Cr2 Litio Energizer,23000.0,0,500,MCO1000,https://www.mercadolibre.com.co/pila-bateria-cr2-litio-energizer/p/MCO19735957
MCO910997942,Tv Digital Portatil 14 Pul. Tdt Bat. Recarg - Hdmi - Usb,705000.0,0,1,MCO1000,https://articulo.mercadolibre.com.co/MCO-910997942-tv-digital-portatil-14-pul-tdt-bat-recarg-hdmi-usb-_JM
MCO2771837688,Bombillo Parlante Con Bluetooth Multicolores Súper Oferta. Color Blanco,15750.0,0,1,MCO1000,https://www.mercadolibre.com.co/bombillo-parlante-con-bluetooth-multicolores-super-oferta-color-blanco/p/MCO20749882
MCO1432068857,Soporte Magnux De Mesa Para Tv/ Monitor De 17 A 27 Negro,102900.0,0,50,MCO1000,https://www.mercadolibre.com.co/soporte-magnux-de-mesa-para-tv-monitor-de-17-a-27-negro/p/MCO35813120
MCO1385234607,"Echo Show 5 3 Generación, Versión Color Glacier White",354000.0,0,1,MCO1000,https://www.mercadolibre.com.co/echo-show-5-3-generacion-version-color-glacier-white/p/MCO25915404
MCO2769293148,Televisor Hisense Smart 32  Hd 32a4n,678899.0,0,1,MCO1000,https://articulo.mercadolibre.com.co/MCO-2769293148-televisor-hisense-smart-32-hd-32a4n-_JM
MCO1965878680,Proel Apm225 Araña De Suspensión Para Micrófono / Apm 225,25000.0,0,1,MCO1000,https://www.mercadolibre.com.co/proel-apm225-arana-de-suspension-para-microfono-apm-225/p/MCO26193813
MCO1414526819,Smart Google Tv Hyundai 42  Fhd Asistente De Voz,937900.0,0,1,MCO1000,https://articulo.mercadolibre.com.co/MCO-1414526819-smart-google-tv-hyundai-42-fhd-asistente-de-voz-_JM
MCO2318890150,Audífonos Deportivos Inalámbricos Lenovo Xt80 Bluetooth 5.3 Color Negro Luz Verde,71100.0,0,1,MCO1000,https://www.mercadolibre.com.co/audifonos-deportivos-inalambricos-lenovo-xt80-bluetooth-53-color-negro-luz-verde/p/MCO24171885
MCO2757846752,"Parlante Bluetooth Recargable Radio Fm, Sd, Usb, Ilumina Color Blanco",18000.0,0,500,MCO1000,https://www.mercadolibre.com.co/parlante-bluetooth-recargable-radio-fm-sd-usb-ilumina-color-blanco/p/MCO44218806
MCO2757424354,Televisor Sankey 24 Pulgadas Smar Tv,505000.0,0,150,MCO1000,https://articulo.mercadolibre.com.co/MCO-2757424354-televisor-sankey-24-pulgadas-smar-tv-_JM
MCO2655999148,"Cable Adaptador Displayport A Hdmi 1,8 Metros 1080p Hd 4k",22900.0,0,1,MCO1000,https://www.mercadolibre.com.co/cable-adaptador-displayport-a-hdmi-18-metros-1080p-hd-4k/p/MCO22874615
MCO1391476913,Auriculares In-ear Gamer Inalámbricos Kz Audio  Edx Pro Sin Micrófono Edx Cian,60000.0,0,1,MCO1000,https://www.mercadolibre.com.co/auriculares-in-ear-gamer-inalambricos-kz-audio-edx-pro-sin-microfono-edx-cian/p/MCO19526660
MCO1448693295,Tv Tcl 75  P755 4k-uhd Smart Tv Google,3562900.0,0,1,MCO1000,https://articulo.mercadolibre.com.co/MCO-1448693295-tv-tcl-75-p755-4k-uhd-smart-tv-google-_JM
MCO1406315711,Audífonos De Diadema Kalley Inalámbricos Bluetooth On Blanco,75900.0,0,500,MCO1000,https://www.mercadolibre.com.co/audifonos-de-diadema-kalley-inalambricos-bluetooth-on-blanco/p/MCO34738728
MCO2769366916,Televisor 43  Pulgadas Google Tv Challenger,1019900.0,0,1,MCO1000,https://articulo.mercadolibre.com.co/MCO-2769366916-televisor-43-pulgadas-google-tv-challenger-_JM
MCO2613180176,Parlante Sony Srs-xe200 Srs-xe200 Portátil Con Bluetooth Waterproof Negra 110v,328380.0,0,1,MCO1000,https://www.mercadolibre.com.co/parlante-sony-srs-xe200-srs-xe200-portatil-con-bluetooth-waterproof-negra-110v/p/MCO44710635
MCO940459747,Brazo Ergonomus 345 Soporte Doble Para 1 Pc Portátil Y 1 Monitor Color Negro,179900.0,0,100,MCO1000,https://www.mercadolibre.com.co/brazo-ergonomus-345-soporte-doble-para-1-pc-portatil-y-1-monitor-color-negro/p/MCO19493040
MCO462720134,Tv Digital Portatil 12 Pul. Tdt Bat. Recarg - Hdmi - Usb,650000.0,0,1,MCO1000,https://articulo.mercadolibre.com.co/MCO-462720134-tv-digital-portatil-12-pul-tdt-bat-recarg-hdmi-usb-_JM
MCO1404332739,Micrófono Razer Seiren Seiren Mini Condensador Supercardioide Color Negro Clásicos,219900.0,0,1,MCO1000,https://www.mercadolibre.com.co/microfono-razer-seiren-seiren-mini-condensador-supercardioide-color-negro-clasicos/p/MCO16650276
MCO2336202474,Cable Convertidor Adaptador Displayport A Hdmi Pc Al Tv,11190.0,0,150,MCO1000,https://www.mercadolibre.com.co/cable-convertidor-adaptador-displayport-a-hdmi-pc-al-tv/p/MCO35970249
MCO2334976008,"Auriculares Inalámbricos Bluetooth Lenovo Livepods Xt83 Tws, Color Gris Y Negro",65174.0,0,1,MCO1000,https://www.mercadolibre.com.co/auriculares-inalambricos-bluetooth-lenovo-livepods-xt83-tws-color-gris-y-negro/p/MCO28468586
MCO1968522996,Televisor Sony 50'  4k Ultra Hd Smart Tv Kd-50x77l,2878800.0,0,1,MCO1000,https://articulo.mercadolibre.com.co/MCO-1968522996-televisor-sony-50-4k-ultra-hd-smart-tv-kd-50x77l-_JM
MCO1340693671,Parlante LG 360 Xboom Rp4b Bluetooth Con Luces Ambiente Negr Color Negro,749900.0,0,1,MCO1000,https://www.mercadolibre.com.co/parlante-lg-360-xboom-rp4b-bluetooth-con-luces-ambiente-negr-color-negro/p/MCO25959397
MCO1391126429,Switch Hdmi 3 Entradas 1 Salida 3x1 Full Hd Control Ps4 Tv,19700.0,0,1,MCO1000,https://www.mercadolibre.com.co/switch-hdmi-3-entradas-1-salida-3x1-full-hd-control-ps4-tv/p/MCO22839018
MCO1436083701,Micrófono Shure Mv7+ Usb Color Negro,1531000.0,0,1,MCO1000,https://www.mercadolibre.com.co/microfono-shure-mv7-usb-color-negro/p/MCO37652805
MCO2431343272,Proyector Portátil Mini Tv 4k,105966.36,0,150,MCO1000,https://www.mercadolibre.com.co/z-mini-tv-portatil-projetor-4k/p/MCO2005556395
MCO2357717650,Pila Batería Alcalina Tronex Aaa Blister X2,4737.0,0,1,MCO1000,https://www.mercadolibre.com.co/pila-bateria-alcalina-tronex-aaa-blister-x2/p/MCO36478273
MCO1375032997,Audifonos Profesionales Monitoreo Qkz Ak6 Excelente Calidad Color Azul,38900.0,0,1,MCO1000,https://www.mercadolibre.com.co/audifonos-profesionales-monitoreo-qkz-ak6-excelente-calidad-color-azul/p/MCO25471678
MCO654815463,Televisor Samsung 2021 Crystal Uhd Un50au8000 Led 4k 50 ,2099900.0,0,1,MCO1000,https://articulo.mercadolibre.com.co/MCO-654815463-televisor-samsung-2021-crystal-uhd-un50au8000-led-4k-50-_JM
MCO2458309170,Parlante Ultimate Ears Wonderboom 3 Portátil Con Bluetooth Lavanda 110v,279900.0,0,1,MCO1000,https://www.mercadolibre.com.co/parlante-ultimate-ears-wonderboom-3-portatil-con-bluetooth-lavanda-110v/p/MCO44714314
MCO2174938948,Televisor De 85' Serie X77l 4k Ultra Hd Google Tv,6972002.0,0,1,MCO1000,https://www.mercadolibre.com.co/televisor-de-85-serie-x77l-4k-ultra-hd-google-tv/p/MCO29553604
MCO1240964842,Micrófonos Pro Dj Uhv 412m Dinámico Cardioides,436799.0,0,1,MCO1000,https://www.mercadolibre.com.co/microfonos-pro-dj-uhv-412m-dinamico-cardioides/p/MCO17463714
MCO2533691502,Pilas Rayovac #312 Color Marrón Auditiva Pack De 60 Unidades,119990.0,0,1,MCO1000,https://www.mercadolibre.com.co/pilas-rayovac-312-color-marron-auditiva-pack-de-60-unidades/p/MCO34218956
MCO1488256921,Televisor LG 55 Oled B4 Oled55b4 4k Smart Tv,4676987.0,0,1,MCO1000,https://www.mercadolibre.com.co/televisor-lg-55-oled-b4-oled55b4-4k-smart-tv/p/MCO40794498
MCO913570998,Auriculares Jabra Evolve 20se Ms Stereo Usb (4999-823-309) Color Black,258072.0,0,1,MCO1000,https://www.mercadolibre.com.co/auriculares-jabra-evolve-20se-ms-stereo-usb-4999-823-309-color-black/p/MCO28089419
MCO2054446036,Proel Bulk250lu3 Cable Xlr A Xlr /bulk 250 Lu3 3mts,33000.0,0,1,MCO1000,https://www.mercadolibre.com.co/proel-bulk250lu3-cable-xlr-a-xlr-bulk-250-lu3-3mts/p/MCO28081247
MCO1431065221,"Tronsmart Bang - Altavoces Bluetooth De 60 W Con Subwoofer, Color Negro Ipx6",460000.0,0,1,MCO1000,https://www.mercadolibre.com.co/tronsmart-bang-altavoces-bluetooth-de-60-w-con-subwoofer-color-negro-ipx6/p/MCO32808781
MCO1491192925,Televisor 40 Pulgadas Google,899900.0,0,50,MCO1000,https://articulo.mercadolibre.com.co/MCO-1491192925-televisor-40-pulgadas-google-_JM
MCO1373565337,1hora Mini Bocina Portátil Bluetooth Boc062 Negro Inalámbrica Altavoz Sd,34900.0,0,1,MCO1000,https://www.mercadolibre.com.co/1hora-mini-bocina-portatil-bluetooth-boc062-negro-inalambrica-altavoz-sd/p/MCO22306985
MCO1408620825,Audífonos In-ear Gamer Inalámbricos Huawei Freebuds Se 2 Blancos,159900.0,0,1,MCO1000,https://www.mercadolibre.com.co/audifonos-in-ear-gamer-inalambricos-huawei-freebuds-se-2-blancos/p/MCO27648241
MCO2104010200,Pila Bateria Audifono Cafe 312 Botón Energizer ,19300.0,0,250,MCO1000,https://www.mercadolibre.com.co/pila-bateria-audifono-cafe-312-boton-energizer/p/MCO25940407
MCO1504922841,Smart Tv 50a6n 50 Pulgadas Negro Hisense,1499900.0,0,1,MCO1000,https://articulo.mercadolibre.com.co/MCO-1504922841-smart-tv-50a6n-50-pulgadas-negro-hisense-_JM
MCO879808085,Parlante Américan Sound Aspa108x Portátil Con Bluetooth Negra 110v ,485000.0,0,1,MCO1000,https://www.mercadolibre.com.co/parlante-american-sound-aspa108x-portatil-con-bluetooth-negra-110v/p/MCO18937311
MCO1410993839,"Temporizador Programador Digital, Timer, Luces Navidad",38900.0,0,500,MCO1000,https://www.mercadolibre.com.co/temporizador-programador-digital-timer-luces-navidad/p/MCO32080644
MCO1413712483,"Auriculares Inalámbricos Invisibles Con Protección Ipx5, Color Negro",61115.0,0,1,MCO1000,https://www.mercadolibre.com.co/auriculares-inalambricos-invisibles-con-proteccion-ipx5-color-negro/p/MCO29749455
MCO616807468,Software (firmware) Tv Challenger Garantizado--leer Descripc,69900.0,0,1,MCO1000,https://articulo.mercadolibre.com.co/MCO-616807468-software-firmware-tv-challenger-garantizado-leer-descripc-_JM
MCO1377368403,Audífonos In-ear Kz Zsn Pro Con Mic - Color Azul,63697.0,0,1,MCO1000,https://www.mercadolibre.com.co/audifonos-in-ear-kz-zsn-pro-con-mic-color-azul/p/MCO26195145
MCO1914521892,Televisor Smart Tv Corn 32  (nuevo),669900.0,0,1,MCO1000,https://articulo.mercadolibre.com.co/MCO-1914521892-televisor-smart-tv-corn-32-nuevo-_JM
MCO2214097564,Audífonos In-ear Kz Zsn Pro Con Mic - Color Gris,61683.0,0,1,MCO1000,https://www.mercadolibre.com.co/audifonos-in-ear-kz-zsn-pro-con-mic-color-gris/p/MCO26666013
MCO2204729354,1 Pila Batería Cuadrada Beston Recargable 9v ,27900.0,0,1,MCO1000,https://www.mercadolibre.com.co/1-pila-bateria-cuadrada-beston-recargable-9v/p/MCO19931705
MCO2481386358,"Smart Tv Tcl 43  Qled 4k Uhd Con Google Tv, Dolby Vision Y A",1832000.0,0,1,MCO1000,https://articulo.mercadolibre.com.co/MCO-2481386358-smart-tv-tcl-43-qled-4k-uhd-con-google-tv-dolby-vision-y-a-_JM
MCO2752223354,Mini Parlante Bluetooth Resistente Agua Manos Libres Altavoz Color Segun Disponibilidad 110v,16890.0,0,50,MCO1000,https://www.mercadolibre.com.co/mini-parlante-bluetooth-resistente-agua-manos-libres-altavoz-color-segun-disponibilidad-110v/p/MCO38882431
MCO2802477542,Drone 998 Plegable Con Camara Ideal Para Principiantes Combo 3 Baterias Negro Hd 2.4 Ghz,91709.0,0,1,MCO1000,https://www.mercadolibre.com.co/drone-998-plegable-con-camara-ideal-para-principiantes-combo-3-baterias-negro-hd-24-ghz/p/MCO19881916
MCO1507581175,Audífonos Inalámbricos Bluetooth Sleve Evo Silver,139900.0,0,1,MCO1000,https://www.mercadolibre.com.co/audifonos-inalambricos-bluetooth-sleve-evo-silver/p/MCO19149416
MCO2251064716,Televisor LG 55'' Smart 4k Tv Evo G3 Con Thinq,7499000.0,0,1,MCO1000,https://www.mercadolibre.com.co/televisor-lg-55-smart-4k-tv-evo-g3-con-thinq/p/MCO23381716
MCO1364402831,Audifonos Bluetoooth Fm Microsd Diadema Digital Hd Highsound Color Negro,34496.0,0,1,MCO1000,https://www.mercadolibre.com.co/audifonos-bluetoooth-fm-microsd-diadema-digital-hd-highsound-color-negro/p/MCO21295671
MCO2805472064,Smart Tv Hyundai 32  Roku Hd,659900.0,0,1,MCO1000,https://articulo.mercadolibre.com.co/MCO-2805472064-smart-tv-hyundai-32-roku-hd-_JM
MCO625853058,Monitor De Escenario Jbl Eon One Compact Portátil Con Bluetooth Negra,2990000.0,0,1,MCO1000,https://www.mercadolibre.com.co/monitor-de-escenario-jbl-eon-one-compact-portatil-con-bluetooth-negra/p/MCO16002741
MCO2809528440,Watch Onn Streaming Tv Color Negro Tipo De Control Remoto De Voz,158000.0,0,50,MCO1000,https://www.mercadolibre.com.co/watch-onn-streaming-tv-color-negro-tipo-de-control-remoto-de-voz/p/MCO41664888
MCO2682863806,Tv Samsung Smart 55  Qled Q60d,2299900.0,0,1,MCO1000,https://articulo.mercadolibre.com.co/MCO-2682863806-tv-samsung-smart-55-qled-q60d-_JM
MCO1460692837,"Auriculares Inalámbricos Bluetooth 5.3 Qcy H3 Lite Anc Con Micrófono, Color Blanco",129381.03,0,100,MCO1000,https://www.mercadolibre.com.co/auriculares-inalambricos-bluetooth-53-qcy-h3-lite-anc-con-microfono-color-blanco/p/MCO37118797
MCO2612228788,"Soporte Inclinable Para Tv De 32 A 55 Pulgadas Para Samsung LG Sony Tcl, Color Negro",39990.0,0,50,MCO1000,https://www.mercadolibre.com.co/soporte-inclinable-para-tv-de-32-a-55-pulgadas-para-samsung-lg-sony-tcl-color-negro/p/MCO27856117
MCO2275446178,Auriculares In-ear Gamer Inalámbricos Audifonos On-ear  M90pro Negro Con Luz Led,15796.0,0,50,MCO1000,https://www.mercadolibre.com.co/auriculares-in-ear-gamer-inalambricos-audifonos-on-ear-m90pro-negro-con-luz-led/p/MCO26796850
MCO800720029,Televisor Hyundai 50 Pulgadas Smart 4k - Web Os,1499900.0,0,1,MCO1000,https://articulo.mercadolibre.com.co/MCO-800720029-televisor-hyundai-50-pulgadas-smart-4k-web-os-_JM
MCO1318969199,Subwoofer Inalámbrico Sonos Sub Mini Intensifica Tu Sonido Color Blanco 110v/220v,2079920.0,0,1,MCO1000,https://www.mercadolibre.com.co/subwoofer-inalambrico-sonos-sub-mini-intensifica-tu-sonido-color-blanco-110v220v/p/MCO19722620
MCO1430878523,Pila Batería Manganeso Tronex Cuadrada Roja 9v Blister X1,3948.0,0,1,MCO1000,https://www.mercadolibre.com.co/pila-bateria-manganeso-tronex-cuadrada-roja-9v-blister-x1/p/MCO37155259
MCO1409943195,Televisor Marca Kalley De 55 Pulgadas Con Tecnología Qled,2299900.0,0,1,MCO1000,https://www.mercadolibre.com.co/televisor-marca-kalley-de-55-pulgadas-con-tecnologia-qled/p/MCO34080714
MCO1512048637,Auriculares In-ear Inalámbricos  I7s Tws Blanco,25000.0,0,50,MCO1000,https://www.mercadolibre.com.co/auriculares-in-ear-inalambricos-i7s-tws-blanco/p/MCO15833648
MCO1488280921,Antena Oice Rl-553 3 Metros,15900.0,0,1,MCO1000,https://www.mercadolibre.com.co/antena-oice-rl-553-3-metros/p/MCO41504182
MCO1789249024,Audífonos In-ear Inalámbricos Linkon Earspcharge,82990.0,0,50,MCO1000,https://www.mercadolibre.com.co/audifonos-in-ear-inalambricos-linkon-earspcharge/p/MCO21759292
MCO2627370998,Cable Adaptador Display Port A Vga Conversor Displayport,11400.0,0,1,MCO1000,https://www.mercadolibre.com.co/cable-adaptador-display-port-a-vga-conversor-displayport/p/MCO25243465
MCO1478853347,Micrófono Para Pc Condensador Profesional Usb Bm-65 Color Negro,97521.0,0,1,MCO1000,https://www.mercadolibre.com.co/microfono-para-pc-condensador-profesional-usb-bm-65-color-negro/p/MCO26032786
MCO2303911558,Parlante Jbl Flip 5 Bluetooth Portable Resistencia Ipx7 Rojo Color Red,491925.0,0,1,MCO1000,https://www.mercadolibre.com.co/parlante-jbl-flip-5-bluetooth-portable-resistencia-ipx7-rojo-color-red/p/MCO15226582
MCO1314655059,Inversor De Corriente Tipo Vaso Usb 120w Truper Inco-120,133400.0,0,1,MCO1000,https://www.mercadolibre.com.co/inversor-de-corriente-tipo-vaso-usb-120w-truper-inco-120/p/MCO24155457
MCO2609525828,Cargador De Pilas Aa Beston | 4 Pilas Aa De 1500m Ah | 10 W,35237.0,0,1,MCO1000,https://www.mercadolibre.com.co/cargador-de-pilas-aa-beston-4-pilas-aa-de-1500m-ah-10-w/p/MCO28204291
MCO1737895446,Pila De Litio Cr2032 Energizer,25999.0,0,150,MCO1000,https://www.mercadolibre.com.co/pila-de-litio-cr2032-energizer/p/MCO24595670
MCO1464138739,Microfono De Mano Profesional Inalambrico Uhf 6.5mm Pantalla Color Wg-100,88900.0,0,1,MCO1000,https://www.mercadolibre.com.co/microfono-de-mano-profesional-inalambrico-uhf-65mm-pantalla-color-wg-100/p/MCO34819308
MCO1441269243,Apple Tv 4k (wifi + Ethernet) A2843 De Voz 3.ª Generación 2022 4k 128gb Negro,845000.0,0,1,MCO1000,https://www.mercadolibre.com.co/apple-tv-4k-wifi-ethernet-a2843-de-voz-3-generacion-2022-4k-128gb-negro/p/MCO21015906
MCO2320191456,Enchufe Inteligente Vcp Smart X 2 Unidades. Color Blanco,56905.0,0,1,MCO1000,https://www.mercadolibre.com.co/enchufe-inteligente-vcp-smart-x-2-unidades-color-blanco/p/MCO35601912
MCO1377820961,Parlante Multimedia Rgb Hp Dhe-6002 Black - Revogames,116400.0,0,1,MCO1000,https://www.mercadolibre.com.co/parlante-multimedia-rgb-hp-dhe-6002-black-revogames/p/MCO19811697
MCO1349377305,Adaptador Andowl Corriente Universal Viajero Toma 2 Puerto Usb,9869.0,0,200,MCO1000,https://www.mercadolibre.com.co/adaptador-andowl-corriente-universal-viajero-toma-2-puerto-usb/p/MCO27242431
MCO1468920043,"Dron Eachine E88 Con Cámara Dual Hd1080mp Wifi Para Niños, Color Negro",100000.0,0,1,MCO1000,https://www.mercadolibre.com.co/dron-eachine-e88-con-camara-dual-hd1080mp-wifi-para-ninos-color-negro/p/MCO39230071
MCO1533284957,"Amazon Echo Pop Con Asistente Virtual Alexa, Color Lavander",143780.0,0,1,MCO1000,https://www.mercadolibre.com.co/amazon-echo-pop-con-asistente-virtual-alexa-color-lavander/p/MCO24246330
MCO2665139096,Soporte De Tv Con Pedestal Para Videoconferencias Rodízio 37 A 70 Color Black,177137.0,0,500,MCO1000,https://www.mercadolibre.com.co/soporte-de-tv-con-pedestal-para-videoconferencias-rodizio-37-a-70-color-black/p/MCO24044973
MCO1960322126,Control Para Tv LG Universal Smart + Funda + Pilas ,16900.0,0,250,MCO1000,https://articulo.mercadolibre.com.co/MCO-1960322126-control-para-tv-lg-universal-smart-funda-pilas-_JM
MCO2750476518,Audífonos In Ear Inalámbricos F9 Negro Con Luz Led,22000.0,0,1,MCO1000,https://www.mercadolibre.com.co/audifonos-in-ear-inalambricos-f9-negro-con-luz-led/p/MCO18638143
MCO880034021,Bocina Sony Srs Xg500 Bluetooth Resistente Al Agua Color Negro,1493920.0,0,1,MCO1000,https://www.mercadolibre.com.co/bocina-sony-srs-xg500-bluetooth-resistente-al-agua-color-negro/p/MCO24604971
MCO2684477714,Base Para Tv Lcd De Doble Brazo Entre 14 Y 55,26891.0,0,500,MCO1000,https://www.mercadolibre.com.co/base-para-tv-lcd-de-doble-brazo-entre-14-y-55/p/MCO41218376
MCO2503106330,Proyector Mini Epson Powerlite E20 3400lm Blanco 110v,2089900.0,0,1,MCO1000,https://www.mercadolibre.com.co/proyector-mini-epson-powerlite-e20-3400lm-blanco-110v/p/MCO43939148
MCO2809045984,Barra De Sonido Samsung  Hw-c400 Color Negro,337200.0,0,1,MCO1000,https://www.mercadolibre.com.co/barra-de-sonido-samsung-hw-c400-color-negro/p/MCO24221513
MCO1791548806,Cable Hdmi 10 Metros Mallado. Doble Filtro De Alta Calidad,14913.0,0,50,MCO1000,https://www.mercadolibre.com.co/cable-hdmi-10-metros-mallado-doble-filtro-de-alta-calidad/p/MCO21506272
MCO1306248885,Controlador Pioneer Dj Ddj Flx4 Ddj-flx4 Tornamesa 2 Canales Color Negro,1799900.0,0,1,MCO1000,https://www.mercadolibre.com.co/controlador-pioneer-dj-ddj-flx4-ddj-flx4-tornamesa-2-canales-color-negro/p/MCO23145920
MCO1808557066,Inversor Convertidor De Corriente 750w 12v A 110-120v Truper Inco-750,262500.0,0,1,MCO1000,https://www.mercadolibre.com.co/inversor-convertidor-de-corriente-750w-12v-a-110-120v-truper-inco-750/p/MCO24153941
MCO1420410463,Cable Vga Macho 1.5 Metros Pc Proyector Tv Led,6150.0,0,1,MCO1000,https://www.mercadolibre.com.co/cable-vga-macho-15-metros-pc-proyector-tv-led/p/MCO22230247
MCO1298863940,Parlante Jbl Partybox 110 Portátil Con Bluetooth Waterproof Negra 110v,1599900.0,0,100,MCO1000,https://www.mercadolibre.com.co/parlante-jbl-partybox-110-portatil-con-bluetooth-waterproof-negra-110v/p/MCO44710175
MCO2681754330,Adaptador Receptor Bluetooth Para Dispositivos 30 Pin Bose Color Negro,29000.0,0,1,MCO1000,https://www.mercadolibre.com.co/adaptador-receptor-bluetooth-para-dispositivos-30-pin-bose-color-negro/p/MCO23042838
MCO1532369151,Micrófono Condensador Audio-technica At2020 Color Negro,543900.0,0,1,MCO1000,https://www.mercadolibre.com.co/microfono-condensador-audio-technica-at2020-color-negro/p/MCO15075050
MCO1497794377,Cable Convertidor De Hdmi A Vga Pc Laptop Tv Monitor Pasivo,6918.0,0,1,MCO1000,https://www.mercadolibre.com.co/cable-convertidor-de-hdmi-a-vga-pc-laptop-tv-monitor-pasivo/p/MCO22230323
MCO2761832164,Galaxy Buds Fe Color Graphite,320900.0,0,250,MCO1000,https://www.mercadolibre.com.co/galaxy-buds-fe-color-graphite/p/MCO27978237
MCO1381645445,Wgingenieria X 400 - Negro,23500.0,0,1,MCO1000,https://www.mercadolibre.com.co/wgingenieria-x-400-negro/p/MCO19457681
MCO1494328151,Amazon Lite Fire Tv Stick B091g4yp57 De Voz 2.ª Generación Full Hd 8gb Negro Con 1gb De Memoria Ram,158900.0,0,50,MCO1000,https://www.mercadolibre.com.co/amazon-lite-fire-tv-stick-b091g4yp57-de-voz-2-generacion-full-hd-8gb-negro-con-1gb-de-memoria-ram/p/MCO19732185
MCO1841616068,Parlante Tronsmart Groove 2 Groove 2 Portátil Con Bluetooth Waterproof Negra 110v,125580.0,0,1,MCO1000,https://www.mercadolibre.com.co/parlante-tronsmart-groove-2-groove-2-portatil-con-bluetooth-waterproof-negra-110v/p/MCO44713627
MCO1304694471,Soporte Flexigas Para Monitores 22 A 40 Nb G45 Usb Color Carbón Mate,168900.0,0,1,MCO1000,https://www.mercadolibre.com.co/soporte-flexigas-para-monitores-22-a-40-nb-g45-usb-color-carbon-mate/p/MCO26167841
MCO1391932799,Auriculares Gamer Inalámbricos Logitech Zone Vibe  Zone Vibe 100 Grafito,549900.0,0,1,MCO1000,https://www.mercadolibre.com.co/auriculares-gamer-inalambricos-logitech-zone-vibe-zone-vibe-100-grafito/p/MCO21713407
MCO1532750039,Transmisión Full Hd Del Fire Tv Stick Lite Con Control Remoto 2da Generacion 2 Ram,155102.0,0,1,MCO1000,https://www.mercadolibre.com.co/transmision-full-hd-del-fire-tv-stick-lite-con-control-remoto-2da-generacion-2-ram/p/MCO26953034
MCO1536955237,Micrófono Shure Sm Sm58-lc Dinámico Cardioide Color Gris Oscuro Y Plateado,499900.0,0,1,MCO1000,https://www.mercadolibre.com.co/microfono-shure-sm-sm58-lc-dinamico-cardioide-color-gris-oscuro-y-plateado/p/MCO18332604
MCO1342718316,Pila Batería Lr41 - 1.5v Alcalina Gp Original  Cartón X10,13490.0,0,1,MCO1000,https://www.mercadolibre.com.co/pila-bateria-lr41-15v-alcalina-gp-original-carton-x10/p/MCO21699524
MCO2249527796,Micrófonos Boya By-m1dm Condensador Omnidireccional Color Negros,44235.0,0,1,MCO1000,https://www.mercadolibre.com.co/microfonos-boya-by-m1dm-condensador-omnidireccional-color-negros/p/MCO15157109
MCO1536322243,Soporte Brazo Ergonomus 320 Monitor Para Pantalla Lcd Led Escritorio Color Negro,81900.0,0,1,MCO1000,https://www.mercadolibre.com.co/soporte-brazo-ergonomus-320-monitor-para-pantalla-lcd-led-escritorio-color-negro/p/MCO18947650
MCO643420510,Parlante Jbl Partybox On-the-go Portátil Con Bluetooth Waterproof Black 110v,1699900.0,0,1,MCO1000,https://www.mercadolibre.com.co/parlante-jbl-partybox-on-the-go-portatil-con-bluetooth-waterproof-black-110v/p/MCO44715104
MCO2277968654,Antena Tv Digital Tda Interior Coaxial 5mt Con Usb Amplificador Activa Base Magnética Tx-t01,26790.0,0,1,MCO1000,https://www.mercadolibre.com.co/antena-tv-digital-tda-interior-coaxial-5mt-con-usb-amplificador-activa-base-magnetica-tx-t01/p/MCO34491270
MCO1519618685,Soporte Pared Fijo Inclina Tv 37''»70''/40kg Techgo Spf-6402 Color Negro,45890.0,0,250,MCO1000,https://www.mercadolibre.com.co/soporte-pared-fijo-inclina-tv-377040kg-techgo-spf-6402-color-negro/p/MCO35611343
